FORMATTED_BATCH_ID,SUPPLIER,SUPPLIER_REF,WELL_REF,BARCODE,Starting Concentration,Concentration Range
CBP-0000006-04,P3_Prestwick,Prestw-196,G13,B006,0,A
CBP-0000312-03,P3_Prestwick,Prestw-91,M06,B006,0,A
CBP-0000367-04,P3_Prestwick,Prestw-973,J17,B008,0,A
CBP-0000368-04,P3_Prestwick,Prestw-237,J15,B006,0,A
CBP-0000437-04,P3_Prestwick,Prestw-64,P04,B006,0,A
CBP-0000439-05,P3_Prestwick,Prestw-888,H12,B008,0,A
CBP-0000469-03,P3_Prestwick,Prestw-1051,M22,B008,0,A
CBP-0000501-04,P3_Prestwick,Prestw-870,D11,B008,0,A
CBP-0001500-06,P3_Prestwick,Prestw-272,P17,B006,0,A
CBP-0002247-04,P3_Prestwick,Prestw-9,I01,B006,0,A
CBP-0002361-03,P3_Prestwick,Prestw-1058,C01,B009,0,A
CBP-0002580-05,P3_Prestwick,Prestw-86,D06,B006,0,A
CBP-0003128-04,P3_Prestwick,Prestw-1279,D16,B008,0,A
CBP-0003378-03,P3_Prestwick,Prestw-549,B13,B007,0,A
CBP-0003769-03,P3_Prestwick,Prestw-510,L10,B007,0,A
CBP-0005537-04,P3_Prestwick,Prestw-343,F22,B006,0,A
CBP-0005539-05,P3_Prestwick,Prestw-269,J17,B006,0,A
CBP-0006192-04,P3_Prestwick,Prestw-448,P06,B007,0,A
CBP-0006275-03,P3_Prestwick,Prestw-113,A08,B006,0,A
CBP-0006573-05,P3_Prestwick,Prestw-211,E14,B006,0,A
CBP-0007801-03,P3_Prestwick,Prestw-455,F07,B007,0,A
CBP-0016668-03,P3_Prestwick,Prestw-85,B06,B006,0,A
CBP-0016674-04,P3_Prestwick,Prestw-382,L02,B007,0,A
CBP-0016680-04,P3_Prestwick,Prestw-1283,A05,B009,0,A
CBP-0016682-03,P3_Prestwick,Prestw-938,K15,B008,0,A
CBP-0016683-03,P3_Prestwick,Prestw-960,P16,B008,0,A
CBP-0016686-03,P3_Prestwick,Prestw-251,M16,B006,0,A
CBP-0016687-04,P3_Prestwick,Prestw-1213,O15,B008,0,A
CBP-0016689-03,P3_Prestwick,Prestw-74,K05,B006,0,A
CBP-0016690-03,P3_Prestwick,Prestw-736,P02,B008,0,A
CBP-0016691-05,P3_Prestwick,Prestw-409,I04,B007,0,A
CBP-0016692-03,P3_Prestwick,Prestw-227,E15,B006,0,A
CBP-0016696-03,P3_Prestwick,Prestw-1073,A02,B009,0,A
CBP-0016697-03,P3_Prestwick,Prestw-250,K16,B006,0,A
CBP-0016698-03,P3_Prestwick,Prestw-278,D18,B006,0,A
CBP-0016702-05,P3_Prestwick,Prestw-518,D11,B007,0,A
CBP-0016709-06,P3_Prestwick,Prestw-1784,I10,B009,0,A
CBP-0016711-03,P3_Prestwick,Prestw-942,L15,B008,0,A
CBP-0016714-05,P3_Prestwick,Prestw-946,C16,B008,0,A
CBP-0016729-03,P3_Prestwick,Prestw-267,M17,B006,0,A
CBP-0016731-03,P3_Prestwick,Prestw-559,N13,B007,0,A
CBP-0016743-04,P3_Prestwick,Prestw-875,M11,B008,0,A
CBP-0016744-03,P3_Prestwick,Prestw-944,P15,B008,0,A
CBP-0016746-04,P3_Prestwick,Prestw-103,F07,B006,0,A
CBP-0016750-03,P3_Prestwick,Prestw-700,O22,B007,0,A
CBP-0016752-04,P3_Prestwick,Prestw-350,L22,B006,0,A
CBP-0016753-05,P3_Prestwick,Prestw-244,G16,B006,0,A
CBP-0016756-04,P3_Prestwick,Prestw-548,G13,B007,0,A
CBP-0016758-03,P3_Prestwick,Prestw-1383,I07,B009,0,A
CBP-0016760-05,P3_Prestwick,Prestw-1134,A18,B007,0,A
CBP-0016762-03,P3_Prestwick,Prestw-249,I16,B006,0,A
CBP-0016763-04,P3_Prestwick,Prestw-873,I11,B008,0,A
CBP-0016763-05,P3_Prestwick,Prestw-820,G08,B008,0,A
CBP-0016783-04,P3_Prestwick,Prestw-1178,B18,B007,0,A
CBP-0016796-03,P3_Prestwick,Prestw-759,F04,B008,0,A
CBP-0016809-04,P3_Prestwick,Prestw-692,G22,B007,0,A
CBP-0016810-05,P3_Prestwick,Prestw-248,H16,B006,0,A
CBP-0016811-03,P3_Prestwick,Prestw-102,D07,B006,0,A
CBP-0016812-03,P3_Prestwick,Prestw-139,M09,B006,0,A
CBP-0016817-03,P3_Prestwick,Prestw-953,H12,B007,0,A
CBP-0016819-04,P3_Prestwick,Prestw-536,I16,B008,0,A
CBP-0016822-03,P3_Prestwick,Prestw-1076,G02,B009,0,A
CBP-0016827-04,P3_Prestwick,Prestw-329,I21,B006,0,A
CBP-0016832-04,P3_Prestwick,Prestw-587,M15,B007,0,A
CBP-0016834-04,P3_Prestwick,Prestw-1256,P05,B009,0,A
CBP-0016836-06,P3_Prestwick,Prestw-1481,K07,B009,0,A
CBP-0016839-03,P3_Prestwick,Prestw-814,L07,B008,0,A
CBP-0016848-03,P3_Prestwick,Prestw-780,O05,B008,0,A
CBP-0016850-03,P3_Prestwick,Prestw-423,F05,B007,0,A
CBP-0016855-06,P3_Prestwick,Prestw-94,L06,B006,0,A
CBP-0016857-03,P3_Prestwick,Prestw-1086,L02,B009,0,A
CBP-0016863-03,P3_Prestwick,Prestw-323,E21,B006,0,A
CBP-0016866-03,P3_Prestwick,Prestw-55,F04,B006,0,A
CBP-0016867-03,P3_Prestwick,Prestw-763,M04,B008,0,A
CBP-0016879-03,P3_Prestwick,Prestw-363,M01,B007,0,A
CBP-0016887-03,P3_Prestwick,Prestw-1207,N09,B009,0,A
CBP-0016892-03,P3_Prestwick,Prestw-432,P05,B007,0,A
CBP-0016896-04,P3_Prestwick,Prestw-273,A18,B006,0,A
CBP-0016902-04,P3_Prestwick,Prestw-200,H13,B006,0,A
CBP-0016916-04,P3_Prestwick,Prestw-1444,A07,B009,0,A
CBP-0016917-03,P3_Prestwick,Prestw-1489,O04,B007,0,A
CBP-0016918-03,P3_Prestwick,Prestw-117,B08,B006,0,A
CBP-0016919-03,P3_Prestwick,Prestw-3,E01,B006,0,A
CBP-0016941-04,P3_Prestwick,Prestw-1177,D17,B007,0,A
CBP-0016946-06,P3_Prestwick,Prestw-135,F09,B006,0,A
CBP-0016947-03,P3_Prestwick,Prestw-1089,A03,B009,0,A
CBP-0016953-03,P3_Prestwick,Prestw-52,G04,B006,0,A
CBP-0016955-06,P3_Prestwick,Prestw-19,E02,B006,0,A
CBP-0016960-04,P3_Prestwick,Prestw-121,I08,B006,0,A
CBP-0016966-03,P3_Prestwick,Prestw-475,M08,B007,0,A
CBP-0016968-04,P3_Prestwick,Prestw-657,A20,B007,0,A
CBP-0016971-04,P3_Prestwick,Prestw-336,P21,B006,0,A
CBP-0016974-04,P3_Prestwick,Prestw-1206,M05,B009,0,A
CBP-0016975-03,P3_Prestwick,Prestw-880,P11,B008,0,A
CBP-0016977-03,P3_Prestwick,Prestw-163,E11,B006,0,A
CBP-0016980-05,P3_Prestwick,Prestw-7,F01,B006,0,A
CBP-0016983-03,P3_Prestwick,Prestw-719,N01,B008,0,A
CBP-0016985-05,P3_Prestwick,Prestw-26,K02,B006,0,A
CBP-0016987-03,P3_Prestwick,Prestw-445,J06,B007,0,A
CBP-0016989-04,P3_Prestwick,Prestw-387,E03,B007,0,A
CBP-0016990-03,P3_Prestwick,Prestw-276,G18,B006,0,A
CBP-0017002-04,P3_Prestwick,Prestw-368,P01,B007,0,A
CBP-0017009-04,P3_Prestwick,Prestw-104,H07,B006,0,A
CBP-0017014-04,P3_Prestwick,Prestw-352,P22,B006,0,A
CBP-0017015-05,P3_Prestwick,Prestw-312,H20,B006,0,A
CBP-0017018-03,P3_Prestwick,Prestw-968,H17,B008,0,A
CBP-0017021-05,P3_Prestwick,Prestw-180,G12,B006,0,A
CBP-0017025-03,P3_Prestwick,Prestw-393,I03,B007,0,A
CBP-0017030-04,P3_Prestwick,Prestw-386,C03,B007,0,A
CBP-0017039-04,P3_Prestwick,Prestw-1102,L03,B009,0,A
CBP-0017042-03,P3_Prestwick,Prestw-478,L08,B007,0,A
CBP-0017044-05,P3_Prestwick,Prestw-906,K13,B008,0,A
CBP-0017052-04,P3_Prestwick,Prestw-511,N10,B007,0,A
CBP-0017057-04,P3_Prestwick,Prestw-340,G22,B006,0,A
CBP-0017059-03,P3_Prestwick,Prestw-931,E15,B008,0,A
CBP-0017060-04,P3_Prestwick,Prestw-1286,D08,B009,0,A
CBP-0017069-05,P3_Prestwick,Prestw-134,D09,B006,0,A
CBP-0017072-05,P3_Prestwick,Prestw-316,O20,B006,0,A
CBP-0017076-04,P3_Prestwick,Prestw-339,E22,B006,0,A
CBP-0017079-04,P3_Prestwick,Prestw-65,A05,B006,0,A
CBP-0017079-05,P3_Prestwick,Prestw-265,I17,B006,0,A
CBP-0017080-03,P3_Prestwick,Prestw-839,F09,B008,0,A
CBP-0017099-04,P3_Prestwick,Prestw-911,N13,B008,0,A
CBP-0017102-03,P3_Prestwick,Prestw-388,G03,B007,0,A
CBP-0017104-03,P3_Prestwick,Prestw-27,M02,B006,0,A
CBP-0017110-03,P3_Prestwick,Prestw-157,J10,B006,0,A
CBP-0017118-03,P3_Prestwick,Prestw-311,F20,B006,0,A
CBP-0017120-03,P3_Prestwick,Prestw-749,J03,B008,0,A
CBP-0017123-03,P3_Prestwick,Prestw-500,G10,B007,0,A
CBP-0017127-03,P3_Prestwick,Prestw-231,F15,B006,0,A
CBP-0017131-03,P3_Prestwick,Prestw-263,F17,B006,0,A
CBP-0017138-04,P3_Prestwick,Prestw-96,P06,B006,0,A
CBP-0017141-04,P3_Prestwick,Prestw-131,E09,B006,0,A
CBP-0017147-04,P3_Prestwick,Prestw-926,L14,B008,0,A
CBP-0017151-03,P3_Prestwick,Prestw-1097,I03,B009,0,A
CBP-0017155-03,P3_Prestwick,Prestw-72,H05,B006,0,A
CBP-0017163-03,P3_Prestwick,Prestw-861,J10,B008,0,A
CBP-0017164-03,P3_Prestwick,Prestw-1037,J21,B008,0,A
CBP-0017171-04,P3_Prestwick,Prestw-38,D03,B006,0,A
CBP-0017175-03,P3_Prestwick,Prestw-176,P11,B006,0,A
CBP-0017178-03,P3_Prestwick,Prestw-83,E06,B006,0,A
CBP-0017184-05,P3_Prestwick,Prestw-740,G03,B008,0,A
CBP-0017189-04,P3_Prestwick,Prestw-266,K17,B006,0,A
CBP-0017191-03,P3_Prestwick,Prestw-753,A04,B008,0,A
CBP-0017192-04,P3_Prestwick,Prestw-115,E08,B006,0,A
CBP-0017193-03,P3_Prestwick,Prestw-941,J15,B008,0,A
CBP-0017203-03,P3_Prestwick,Prestw-490,K09,B007,0,A
CBP-0017205-03,P3_Prestwick,Prestw-907,M13,B008,0,A
CBP-0017210-03,P3_Prestwick,Prestw-1480,A09,B009,0,A
CBP-0017211-04,P3_Prestwick,Prestw-1602,K17,B008,0,A
CBP-0017212-03,P3_Prestwick,Prestw-165,B11,B006,0,A
CBP-0017221-03,P3_Prestwick,Prestw-48,P03,B006,0,A
CBP-0017222-05,P3_Prestwick,Prestw-447,N06,B007,0,A
CBP-0017230-03,P3_Prestwick,Prestw-566,D14,B007,0,A
CBP-0017234-06,P3_Prestwick,Prestw-441,I06,B007,0,A
CBP-0017236-06,P3_Prestwick,Prestw-914,C14,B008,0,A
CBP-0017253-03,P3_Prestwick,Prestw-1700,D13,B009,0,A
CBP-0017267-04,P3_Prestwick,Prestw-389,B03,B007,0,A
CBP-0017269-03,P3_Prestwick,Prestw-929,A15,B008,0,A
CBP-0017270-03,P3_Prestwick,Prestw-1711,E11,B009,0,A
CBP-0017271-03,P3_Prestwick,Prestw-219,M14,B006,0,A
CBP-0017274-03,P3_Prestwick,Prestw-282,K18,B006,0,A
CBP-0017275-04,P3_Prestwick,Prestw-371,E02,B007,0,A
CBP-0017278-05,P3_Prestwick,Prestw-87,F06,B006,0,A
CBP-0017282-04,P3_Prestwick,Prestw-291,E19,B006,0,A
CBP-0017283-03,P3_Prestwick,Prestw-1398,D06,B009,0,A
CBP-0017288-03,P3_Prestwick,Prestw-17,A02,B006,0,A
CBP-0017290-04,P3_Prestwick,Prestw-142,L09,B006,0,A
CBP-0017292-03,P3_Prestwick,Prestw-858,K10,B008,0,A
CBP-0017296-04,P3_Prestwick,Prestw-995,E19,B008,0,A
CBP-0017303-03,P3_Prestwick,Prestw-277,B18,B006,0,A
CBP-0017308-03,P3_Prestwick,Prestw-320,P20,B006,0,A
CBP-0017310-04,P3_Prestwick,Prestw-1399,E05,B009,0,A
CBP-0017318-04,P3_Prestwick,Prestw-481,A09,B007,0,A
CBP-0017324-03,P3_Prestwick,Prestw-275,E18,B006,0,A
CBP-0017326-03,P3_Prestwick,Prestw-213,B14,B006,0,A
CBP-0017331-03,P3_Prestwick,Prestw-238,L15,B006,0,A
CBP-0017333-03,P3_Prestwick,Prestw-1492,H07,B009,0,A
CBP-0017334-06,P3_Prestwick,Prestw-1203,N06,B009,0,A
CBP-0017336-05,P3_Prestwick,Prestw-735,N02,B008,0,A
CBP-0017337-06,P3_Prestwick,Prestw-144,P09,B006,0,A
CBP-0017338-03,P3_Prestwick,Prestw-1713,G12,B009,0,A
CBP-0017340-04,P3_Prestwick,Prestw-772,G05,B008,0,A
CBP-0017341-06,P3_Prestwick,Prestw-916,G14,B008,0,A
CBP-0017343-06,P3_Prestwick,Prestw-918,D14,B008,0,A
CBP-0017344-04,P3_Prestwick,Prestw-50,C04,B006,0,A
CBP-0017345-04,P3_Prestwick,Prestw-910,L13,B008,0,A
CBP-0017347-03,P3_Prestwick,Prestw-1454,G10,B008,0,A
CBP-0017352-04,P3_Prestwick,Prestw-1072,P01,B009,0,A
CBP-0017353-04,P3_Prestwick,Prestw-975,N17,B008,0,A
CBP-0017357-03,P3_Prestwick,Prestw-129,A09,B006,0,A
CBP-0017361-04,P3_Prestwick,Prestw-230,D15,B006,0,A
CBP-0017369-03,P3_Prestwick,Prestw-183,F12,B006,0,A
CBP-0017377-04,P3_Prestwick,Prestw-1432,H20,B007,0,A
CBP-0017379-04,P3_Prestwick,Prestw-182,D12,B006,0,A
CBP-0017382-04,P3_Prestwick,Prestw-949,B16,B008,0,A
CBP-0017385-03,P3_Prestwick,Prestw-132,G09,B006,0,A
CBP-0017386-03,P3_Prestwick,Prestw-193,A13,B006,0,A
CBP-0017387-07,P3_Prestwick,Prestw-299,M19,B006,0,A
CBP-0017394-03,P3_Prestwick,Prestw-1310,L18,B008,0,A
CBP-0017395-03,P3_Prestwick,Prestw-1111,F04,B009,0,A
CBP-0017396-03,P3_Prestwick,Prestw-119,F08,B006,0,A
CBP-0017397-03,P3_Prestwick,Prestw-342,D22,B006,0,A
CBP-0017399-04,P3_Prestwick,Prestw-978,C18,B008,0,A
CBP-0017400-04,P3_Prestwick,Prestw-1081,I02,B009,0,A
CBP-0017405-03,P3_Prestwick,Prestw-915,E14,B008,0,A
CBP-0017408-04,P3_Prestwick,Prestw-224,P14,B006,0,A
CBP-0017412-03,P3_Prestwick,Prestw-287,N18,B006,0,A
CBP-0017422-03,P3_Prestwick,Prestw-930,C15,B008,0,A
CBP-0017424-04,P3_Prestwick,Prestw-295,F19,B006,0,A
CBP-0017425-03,P3_Prestwick,Prestw-240,P15,B006,0,A
CBP-0017429-03,P3_Prestwick,Prestw-827,M08,B008,0,A
CBP-0017432-04,P3_Prestwick,Prestw-109,J07,B006,0,A
CBP-0017433-03,P3_Prestwick,Prestw-399,N03,B007,0,A
CBP-0017435-03,P3_Prestwick,Prestw-239,N15,B006,0,A
CBP-0017441-03,P3_Prestwick,Prestw-209,A14,B006,0,A
CBP-0017445-03,P3_Prestwick,Prestw-1060,G01,B009,0,A
CBP-0017449-04,P3_Prestwick,Prestw-980,G18,B008,0,A
CBP-0017455-04,P3_Prestwick,Prestw-337,A22,B006,0,A
CBP-0017457-03,P3_Prestwick,Prestw-199,F13,B006,0,A
CBP-0017458-04,P3_Prestwick,Prestw-326,D21,B006,0,A
CBP-0017463-03,P3_Prestwick,Prestw-1322,E14,B007,0,A
CBP-0017464-03,P3_Prestwick,Prestw-1499,G16,B007,0,A
CBP-0017466-07,P3_Prestwick,Prestw-100,G07,B006,0,A
CBP-0017467-05,P3_Prestwick,Prestw-477,J08,B007,0,A
CBP-0017470-04,P3_Prestwick,Prestw-1016,H20,B008,0,A
CBP-0017478-04,P3_Prestwick,Prestw-90,K06,B006,0,A
CBP-0017479-04,P3_Prestwick,Prestw-375,F02,B007,0,A
CBP-0017480-03,P3_Prestwick,Prestw-41,I03,B006,0,A
CBP-0017496-03,P3_Prestwick,Prestw-505,I10,B007,0,A
CBP-0017498-04,P3_Prestwick,Prestw-99,E07,B006,0,A
CBP-0017499-03,P3_Prestwick,Prestw-778,K05,B008,0,A
CBP-0017500-04,P3_Prestwick,Prestw-1441,C14,B007,0,A
CBP-0017504-04,P3_Prestwick,Prestw-241,A16,B006,0,A
CBP-0017505-06,P3_Prestwick,Prestw-308,G20,B006,0,A
CBP-0017506-04,P3_Prestwick,Prestw-374,D02,B007,0,A
CBP-0017516-04,P3_Prestwick,Prestw-255,N16,B006,0,A
CBP-0017517-03,P3_Prestwick,Prestw-531,E12,B007,0,A
CBP-0017518-04,P3_Prestwick,Prestw-194,C13,B006,0,A
CBP-0017520-03,P3_Prestwick,Prestw-1099,M03,B009,0,A
CBP-0017521-03,P3_Prestwick,Prestw-108,O07,B006,0,A
CBP-0017522-04,P3_Prestwick,Prestw-246,D16,B006,0,A
CBP-0017524-04,P3_Prestwick,Prestw-1034,K21,B008,0,A
CBP-0017538-03,P3_Prestwick,Prestw-583,F15,B007,0,A
CBP-0017541-03,P3_Prestwick,Prestw-468,G08,B007,0,A
CBP-0017551-05,P3_Prestwick,Prestw-40,H03,B006,0,A
CBP-0017554-04,P3_Prestwick,Prestw-364,O01,B007,0,A
CBP-0017555-03,P3_Prestwick,Prestw-188,O12,B006,0,A
CBP-0017558-03,P3_Prestwick,Prestw-344,H22,B006,0,A
CBP-0017575-03,P3_Prestwick,Prestw-1447,C21,B007,0,A
CBP-0017580-04,P3_Prestwick,Prestw-617,I17,B007,0,A
CBP-0017585-03,P3_Prestwick,Prestw-206,L13,B006,0,A
CBP-0017587-03,P3_Prestwick,Prestw-1065,I01,B009,0,A
CBP-0017589-03,P3_Prestwick,Prestw-260,G17,B006,0,A
CBP-0017591-04,P3_Prestwick,Prestw-499,E10,B007,0,A
CBP-0017592-03,P3_Prestwick,Prestw-42,K03,B006,0,A
CBP-0017593-03,P3_Prestwick,Prestw-1002,K19,B008,0,A
CBP-0017595-03,P3_Prestwick,Prestw-683,M21,B007,0,A
CBP-0017596-05,P3_Prestwick,Prestw-458,K07,B007,0,A
CBP-0017597-03,P3_Prestwick,Prestw-537,I12,B007,0,A
CBP-0017600-03,P3_Prestwick,Prestw-318,L20,B006,0,A
CBP-0017611-03,P3_Prestwick,Prestw-254,L16,B006,0,A
CBP-0017614-03,P3_Prestwick,Prestw-733,J02,B008,0,A
CBP-0017615-04,P3_Prestwick,Prestw-289,A19,B006,0,A
CBP-0017622-03,P3_Prestwick,Prestw-125,J08,B006,0,A
CBP-0017624-04,P3_Prestwick,Prestw-162,C11,B006,0,A
CBP-0017626-05,P3_Prestwick,Prestw-449,A07,B007,0,A
CBP-0017628-04,P3_Prestwick,Prestw-383,N02,B007,0,A
CBP-0017630-05,P3_Prestwick,Prestw-63,N04,B006,0,A
CBP-0017631-06,P3_Prestwick,Prestw-862,L10,B008,0,A
CBP-0017633-08,P3_Prestwick,Prestw-257,A17,B006,0,A
CBP-0017637-04,P3_Prestwick,Prestw-256,P16,B006,0,A
CBP-0017641-03,P3_Prestwick,Prestw-1158,C15,B007,0,A
CBP-0017642-04,P3_Prestwick,Prestw-928,P14,B008,0,A
CBP-0017645-03,P3_Prestwick,Prestw-693,B22,B007,0,A
CBP-0017647-03,P3_Prestwick,Prestw-170,K11,B006,0,A
CBP-0017649-03,P3_Prestwick,Prestw-59,M04,B006,0,A
CBP-0017652-03,P3_Prestwick,Prestw-535,F12,B007,0,A
CBP-0017654-05,P3_Prestwick,Prestw-385,A03,B007,0,A
CBP-0017655-03,P3_Prestwick,Prestw-514,C11,B007,0,A
CBP-0017657-04,P3_Prestwick,Prestw-933,B15,B008,0,A
CBP-0017665-05,P3_Prestwick,Prestw-1092,G03,B009,0,A
CBP-0017667-05,P3_Prestwick,Prestw-924,O14,B008,0,A
CBP-0017679-04,P3_Prestwick,Prestw-993,A19,B008,0,A
CBP-0017688-04,P3_Prestwick,Prestw-905,I13,B008,0,A
CBP-0017691-03,P3_Prestwick,Prestw-216,H14,B006,0,A
CBP-0017694-04,P3_Prestwick,Prestw-190,L12,B006,0,A
CBP-0017695-06,P3_Prestwick,Prestw-97,A07,B006,0,A
CBP-0017698-04,P3_Prestwick,Prestw-545,A13,B007,0,A
CBP-0017702-04,P3_Prestwick,Prestw-1751,L14,B009,0,A
CBP-0017703-05,P3_Prestwick,Prestw-167,F11,B006,0,A
CBP-0017705-03,P3_Prestwick,Prestw-1029,B21,B008,0,A
CBP-0017707-04,P3_Prestwick,Prestw-1325,N08,B007,0,A
CBP-0017714-03,P3_Prestwick,Prestw-701,J22,B007,0,A
CBP-0017721-05,P3_Prestwick,Prestw-554,K13,B007,0,A
CBP-0017724-04,P3_Prestwick,Prestw-966,D17,B008,0,A
CBP-0017729-06,P3_Prestwick,Prestw-141,J09,B006,0,A
CBP-0017730-03,P3_Prestwick,Prestw-1088,P02,B009,0,A
CBP-0017732-03,P3_Prestwick,Prestw-21,B02,B006,0,A
CBP-0017733-06,P3_Prestwick,Prestw-268,O17,B006,0,A
CBP-0017737-03,P3_Prestwick,Prestw-501,B10,B007,0,A
CBP-0017738-03,P3_Prestwick,Prestw-391,F03,B007,0,A
CBP-0017740-03,P3_Prestwick,Prestw-53,B04,B006,0,A
CBP-0017741-03,P3_Prestwick,Prestw-806,D07,B008,0,A
CBP-0017745-03,P3_Prestwick,Prestw-34,C03,B006,0,A
CBP-0017763-03,P3_Prestwick,Prestw-698,K22,B007,0,A
CBP-0017768-03,P3_Prestwick,Prestw-874,K11,B008,0,A
CBP-0017778-03,P3_Prestwick,Prestw-598,D16,B007,0,A
CBP-0017780-04,P3_Prestwick,Prestw-923,M14,B008,0,A
CBP-0017782-03,P3_Prestwick,Prestw-223,N14,B006,0,A
CBP-0017786-04,P3_Prestwick,Prestw-751,N03,B008,0,A
CBP-0017794-03,P3_Prestwick,Prestw-584,H15,B007,0,A
CBP-0017800-04,P3_Prestwick,Prestw-335,N21,B006,0,A
CBP-0017803-04,P3_Prestwick,Prestw-198,D13,B006,0,A
CBP-0017804-04,P3_Prestwick,Prestw-977,A18,B008,0,A
CBP-0017809-04,P3_Prestwick,Prestw-633,I18,B007,0,A
CBP-0017810-03,P3_Prestwick,Prestw-1352,C08,B009,0,A
CBP-0017811-03,P3_Prestwick,Prestw-292,G19,B006,0,A
CBP-0017813-04,P3_Prestwick,Prestw-120,H08,B006,0,A
CBP-0017818-04,P3_Prestwick,Prestw-288,P18,B006,0,A
CBP-0017824-04,P3_Prestwick,Prestw-262,D17,B006,0,A
CBP-0017832-04,P3_Prestwick,Prestw-56,H04,B006,0,A
CBP-0017834-05,P3_Prestwick,Prestw-73,I05,B006,0,A
CBP-0017838-03,P3_Prestwick,Prestw-571,M14,B007,0,A
CBP-0017844-03,P3_Prestwick,Prestw-208,P13,B006,0,A
CBP-0017852-04,P3_Prestwick,Prestw-392,H03,B007,0,A
CBP-0017856-05,P3_Prestwick,Prestw-313,I20,B006,0,A
CBP-0017858-03,P3_Prestwick,Prestw-78,L05,B006,0,A
CBP-0017864-03,P3_Prestwick,Prestw-443,M06,B007,0,A
CBP-0017869-09,P3_Prestwick,Prestw-146,C10,B006,0,A
CBP-0017870-03,P3_Prestwick,Prestw-138,K09,B006,0,A
CBP-0017871-04,P3_Prestwick,Prestw-228,G15,B006,0,A
CBP-0017872-04,P3_Prestwick,Prestw-972,O17,B008,0,A
CBP-0017875-04,P3_Prestwick,Prestw-976,P17,B008,0,A
CBP-0017884-04,P3_Prestwick,Prestw-1198,I16,B007,0,A
CBP-0017885-04,P3_Prestwick,Prestw-303,N19,B006,0,A
CBP-0017886-04,P3_Prestwick,Prestw-922,K14,B008,0,A
CBP-0017887-07,P3_Prestwick,Prestw-192,P12,B006,0,A
CBP-0039204-03,P3_Prestwick,Prestw-217,I14,B006,0,A
CBP-0040519-03,P3_Prestwick,Prestw-1282,C06,B009,0,A
CBP-0063605-02,P3_Prestwick,Prestw-1,A01,B006,0,A
CBP-0063606-02,P3_Prestwick,Prestw-161,A11,B006,0,A
CBP-0063607-02,P3_Prestwick,Prestw-11,M01,B006,0,A
CBP-0063608-02,P3_Prestwick,Prestw-171,M11,B006,0,A
CBP-0063609-02,P3_Prestwick,Prestw-181,B12,B006,0,A
CBP-0063610-02,P3_Prestwick,Prestw-31,N02,B006,0,A
CBP-0063612-02,P3_Prestwick,Prestw-221,J14,B006,0,A
CBP-0063613-02,P3_Prestwick,Prestw-81,A06,B006,0,A
CBP-0063614-03,P3_Prestwick,Prestw-261,B17,B006,0,A
CBP-0063615-02,P3_Prestwick,Prestw-271,N17,B006,0,A
CBP-0063616-02,P3_Prestwick,Prestw-281,I18,B006,0,A
CBP-0063617-02,P3_Prestwick,Prestw-301,J19,B006,0,A
CBP-0063618-02,P3_Prestwick,Prestw-151,F10,B006,0,A
CBP-0063619-02,P3_Prestwick,Prestw-2,C01,B006,0,A
CBP-0063620-02,P3_Prestwick,Prestw-12,O01,B006,0,A
CBP-0063621-02,P3_Prestwick,Prestw-172,O11,B006,0,A
CBP-0063622-02,P3_Prestwick,Prestw-22,D02,B006,0,A
CBP-0063623-02,P3_Prestwick,Prestw-32,P02,B006,0,A
CBP-0063624-02,P3_Prestwick,Prestw-202,K13,B006,0,A
CBP-0063625-02,P3_Prestwick,Prestw-222,L14,B006,0,A
CBP-0063626-04,P3_Prestwick,Prestw-1424,C06,B006,0,A
CBP-0063627-02,P3_Prestwick,Prestw-112,P07,B006,0,A
CBP-0063628-02,P3_Prestwick,Prestw-1474,H10,B006,0,A
CBP-0063629-02,P3_Prestwick,Prestw-13,J01,B006,0,A
CBP-0063630-02,P3_Prestwick,Prestw-23,F02,B006,0,A
CBP-0063631-02,P3_Prestwick,Prestw-33,A03,B006,0,A
CBP-0063632-03,P3_Prestwick,Prestw-203,M13,B006,0,A
CBP-0063633-02,P3_Prestwick,Prestw-233,I15,B006,0,A
CBP-0063634-02,P3_Prestwick,Prestw-243,E16,B006,0,A
CBP-0063635-02,P3_Prestwick,Prestw-93,J06,B006,0,A
CBP-0063636-03,P3_Prestwick,Prestw-253,J16,B006,0,A
CBP-0063637-02,P3_Prestwick,Prestw-123,M08,B006,0,A
CBP-0063638-02,P3_Prestwick,Prestw-143,N09,B006,0,A
CBP-0063639-02,P3_Prestwick,Prestw-153,I10,B006,0,A
CBP-0063640-02,P3_Prestwick,Prestw-164,G11,B006,0,A
CBP-0063641-02,P3_Prestwick,Prestw-14,L01,B006,0,A
CBP-0063642-02,P3_Prestwick,Prestw-24,H02,B006,0,A
CBP-0063643-02,P3_Prestwick,Prestw-184,H12,B006,0,A
CBP-0063644-02,P3_Prestwick,Prestw-44,O03,B006,0,A
CBP-0063645-02,P3_Prestwick,Prestw-204,O13,B006,0,A
CBP-0063646-02,P3_Prestwick,Prestw-54,D04,B006,0,A
CBP-0063647-03,P3_Prestwick,Prestw-214,D14,B006,0,A
CBP-0063648-02,P3_Prestwick,Prestw-234,K15,B006,0,A
CBP-0063649-02,P3_Prestwick,Prestw-114,C08,B006,0,A
CBP-0063650-03,P3_Prestwick,Prestw-274,C18,B006,0,A
CBP-0063651-02,P3_Prestwick,Prestw-1184,O08,B006,0,A
CBP-0063652-02,P3_Prestwick,Prestw-154,K10,B006,0,A
CBP-0063653-02,P3_Prestwick,Prestw-175,N11,B006,0,A
CBP-0063654-02,P3_Prestwick,Prestw-25,I02,B006,0,A
CBP-0063655-03,P3_Prestwick,Prestw-185,I12,B006,0,A
CBP-0063656-02,P3_Prestwick,Prestw-35,E03,B006,0,A
CBP-0063657-02,P3_Prestwick,Prestw-45,J03,B006,0,A
CBP-0063658-02,P3_Prestwick,Prestw-205,J13,B006,0,A
CBP-0063659-02,P3_Prestwick,Prestw-225,A15,B006,0,A
CBP-0063660-02,P3_Prestwick,Prestw-245,B16,B006,0,A
CBP-0063661-02,P3_Prestwick,Prestw-95,N06,B006,0,A
CBP-0063662-02,P3_Prestwick,Prestw-105,I07,B006,0,A
CBP-0063663-04,P3_Prestwick,Prestw-285,J18,B006,0,A
CBP-0063664-02,P3_Prestwick,Prestw-155,M10,B006,0,A
CBP-0063665-02,P3_Prestwick,Prestw-6,D01,B006,0,A
CBP-0063666-02,P3_Prestwick,Prestw-16,P01,B006,0,A
CBP-0063667-02,P3_Prestwick,Prestw-36,G03,B006,0,A
CBP-0063668-02,P3_Prestwick,Prestw-226,C15,B006,0,A
CBP-0063669-02,P3_Prestwick,Prestw-76,O05,B006,0,A
CBP-0063670-03,P3_Prestwick,Prestw-106,K07,B006,0,A
CBP-0063671-03,P3_Prestwick,Prestw-136,H09,B006,0,A
CBP-0063672-02,P3_Prestwick,Prestw-296,H19,B006,0,A
CBP-0063673-03,P3_Prestwick,Prestw-156,O10,B006,0,A
CBP-0063674-02,P3_Prestwick,Prestw-177,A12,B006,0,A
CBP-0063675-02,P3_Prestwick,Prestw-187,M12,B006,0,A
CBP-0063676-02,P3_Prestwick,Prestw-37,B03,B006,0,A
CBP-0063677-02,P3_Prestwick,Prestw-1181,N13,B006,0,A
CBP-0063678-02,P3_Prestwick,Prestw-67,E05,B006,0,A
CBP-0063679-03,P3_Prestwick,Prestw-77,J05,B006,0,A
CBP-0063680-03,P3_Prestwick,Prestw-247,F16,B006,0,A
CBP-0063681-05,P3_Prestwick,Prestw-1314,M07,B006,0,A
CBP-0063682-02,P3_Prestwick,Prestw-127,N08,B006,0,A
CBP-0063683-02,P3_Prestwick,Prestw-147,E10,B006,0,A
CBP-0063684-03,P3_Prestwick,Prestw-307,E20,B006,0,A
CBP-0063685-02,P3_Prestwick,Prestw-168,H11,B006,0,A
CBP-0063686-02,P3_Prestwick,Prestw-18,C02,B006,0,A
CBP-0063687-02,P3_Prestwick,Prestw-178,C12,B006,0,A
CBP-0063688-02,P3_Prestwick,Prestw-58,K04,B006,0,A
CBP-0063689-02,P3_Prestwick,Prestw-218,K14,B006,0,A
CBP-0063690-02,P3_Prestwick,Prestw-88,H06,B006,0,A
CBP-0063691-02,P3_Prestwick,Prestw-98,C07,B006,0,A
CBP-0063692-03,P3_Prestwick,Prestw-128,P08,B006,0,A
CBP-0063693-02,P3_Prestwick,Prestw-29,J02,B006,0,A
CBP-0063694-02,P3_Prestwick,Prestw-189,J12,B006,0,A
CBP-0063695-02,P3_Prestwick,Prestw-39,F03,B006,0,A
CBP-0063696-03,P3_Prestwick,Prestw-1179,I06,B006,0,A
CBP-0063697-02,P3_Prestwick,Prestw-259,E17,B006,0,A
CBP-0063698-03,P3_Prestwick,Prestw-279,F18,B006,0,A
CBP-0063699-02,P3_Prestwick,Prestw-10,K01,B006,0,A
CBP-0063700-02,P3_Prestwick,Prestw-20,G02,B006,0,A
CBP-0063701-02,P3_Prestwick,Prestw-30,L02,B006,0,A
CBP-0063702-03,P3_Prestwick,Prestw-210,C14,B006,0,A
CBP-0063703-02,P3_Prestwick,Prestw-220,O14,B006,0,A
CBP-0063704-02,P3_Prestwick,Prestw-70,D05,B006,0,A
CBP-0063705-02,P3_Prestwick,Prestw-1192,L07,B006,0,A
CBP-0063706-03,P3_Prestwick,Prestw-130,C09,B006,0,A
CBP-0063707-02,P3_Prestwick,Prestw-290,C19,B006,0,A
CBP-0063708-02,P3_Prestwick,Prestw-341,B22,B006,0,A
CBP-0063709-02,P3_Prestwick,Prestw-351,N22,B006,0,A
CBP-0063710-02,P3_Prestwick,Prestw-1430,I11,B007,0,A
CBP-0063711-02,P3_Prestwick,Prestw-381,J02,B007,0,A
CBP-0063712-02,P3_Prestwick,Prestw-551,F13,B007,0,A
CBP-0063713-02,P3_Prestwick,Prestw-401,A04,B007,0,A
CBP-0063714-02,P3_Prestwick,Prestw-411,M04,B007,0,A
CBP-0063715-02,P3_Prestwick,Prestw-421,B05,B007,0,A
CBP-0063716-02,P3_Prestwick,Prestw-1303,N05,B007,0,A
CBP-0063717-02,P3_Prestwick,Prestw-1431,E17,B007,0,A
CBP-0063718-02,P3_Prestwick,Prestw-1506,J17,B007,0,A
CBP-0063719-05,P3_Prestwick,Prestw-1358,F08,B007,0,A
CBP-0063720-02,P3_Prestwick,Prestw-332,O21,B006,0,A
CBP-0063721-02,P3_Prestwick,Prestw-492,O09,B007,0,A
CBP-0063722-02,P3_Prestwick,Prestw-512,P10,B007,0,A
CBP-0063723-03,P3_Prestwick,Prestw-362,K01,B007,0,A
CBP-0063724-02,P3_Prestwick,Prestw-522,K11,B007,0,A
CBP-0063725-02,P3_Prestwick,Prestw-542,L12,B007,0,A
CBP-0063726-02,P3_Prestwick,Prestw-1269,C04,B007,0,A
CBP-0063727-03,P3_Prestwick,Prestw-572,O14,B007,0,A
CBP-0063728-02,P3_Prestwick,Prestw-1368,D05,B007,0,A
CBP-0063729-02,P3_Prestwick,Prestw-1407,P15,B007,0,A
CBP-0063730-02,P3_Prestwick,Prestw-1161,G07,B007,0,A
CBP-0063731-02,P3_Prestwick,Prestw-1501,G17,B007,0,A
CBP-0063732-02,P3_Prestwick,Prestw-462,L07,B007,0,A
CBP-0063733-03,P3_Prestwick,Prestw-1217,L17,B007,0,A
CBP-0063734-02,P3_Prestwick,Prestw-1295,H08,B007,0,A
CBP-0063735-02,P3_Prestwick,Prestw-1336,E09,B007,0,A
CBP-0063736-02,P3_Prestwick,Prestw-333,J21,B006,0,A
CBP-0063737-03,P3_Prestwick,Prestw-493,J09,B007,0,A
CBP-0063738-02,P3_Prestwick,Prestw-353,A01,B007,0,A
CBP-0063739-02,P3_Prestwick,Prestw-513,A11,B007,0,A
CBP-0063740-03,P3_Prestwick,Prestw-1169,M11,B007,0,A
CBP-0063741-02,P3_Prestwick,Prestw-373,B02,B007,0,A
CBP-0063742-02,P3_Prestwick,Prestw-533,B12,B007,0,A
CBP-0063743-02,P3_Prestwick,Prestw-403,E04,B007,0,A
CBP-0063744-02,P3_Prestwick,Prestw-413,J04,B007,0,A
CBP-0063745-04,P3_Prestwick,Prestw-1467,J14,B007,0,A
CBP-0063746-02,P3_Prestwick,Prestw-433,A06,B007,0,A
CBP-0063747-02,P3_Prestwick,Prestw-1369,A16,B007,0,A
CBP-0063748-02,P3_Prestwick,Prestw-1364,M16,B007,0,A
CBP-0063749-02,P3_Prestwick,Prestw-1257,B07,B007,0,A
CBP-0063750-03,P3_Prestwick,Prestw-1503,B17,B007,0,A
CBP-0063751-02,P3_Prestwick,Prestw-463,N07,B007,0,A
CBP-0063752-02,P3_Prestwick,Prestw-473,I08,B007,0,A
CBP-0063753-02,P3_Prestwick,Prestw-484,G09,B007,0,A
CBP-0063754-03,P3_Prestwick,Prestw-334,L21,B006,0,A
CBP-0063755-02,P3_Prestwick,Prestw-494,L09,B007,0,A
CBP-0063756-02,P3_Prestwick,Prestw-504,H10,B007,0,A
CBP-0063757-02,P3_Prestwick,Prestw-354,C01,B007,0,A
CBP-0063758-02,P3_Prestwick,Prestw-524,O11,B007,0,A
CBP-0063759-02,P3_Prestwick,Prestw-534,D12,B007,0,A
CBP-0063760-03,P3_Prestwick,Prestw-384,P02,B007,0,A
CBP-0063761-03,P3_Prestwick,Prestw-544,P12,B007,0,A
CBP-0063762-03,P3_Prestwick,Prestw-1288,G04,B007,0,A
CBP-0063763-02,P3_Prestwick,Prestw-1491,G14,B007,0,A
CBP-0063764-04,P3_Prestwick,Prestw-1219,L04,B007,0,A
CBP-0063765-02,P3_Prestwick,Prestw-574,L14,B007,0,A
CBP-0063766-03,P3_Prestwick,Prestw-424,H05,B007,0,A
CBP-0063767-02,P3_Prestwick,Prestw-434,C06,B007,0,A
CBP-0063768-02,P3_Prestwick,Prestw-1156,O06,B007,0,A
CBP-0063769-02,P3_Prestwick,Prestw-1429,D07,B007,0,A
CBP-0063770-04,P3_Prestwick,Prestw-1469,P17,B007,0,A
CBP-0063771-02,P3_Prestwick,Prestw-1254,K08,B007,0,A
CBP-0063772-03,P3_Prestwick,Prestw-325,B21,B006,0,A
CBP-0063773-02,P3_Prestwick,Prestw-485,B09,B007,0,A
CBP-0063774-02,P3_Prestwick,Prestw-495,N09,B007,0,A
CBP-0063775-02,P3_Prestwick,Prestw-355,E01,B007,0,A
CBP-0063776-02,P3_Prestwick,Prestw-515,E11,B007,0,A
CBP-0063777-02,P3_Prestwick,Prestw-365,J01,B007,0,A
CBP-0063778-04,P3_Prestwick,Prestw-525,J11,B007,0,A
CBP-0063779-03,P3_Prestwick,Prestw-395,M03,B007,0,A
CBP-0063780-02,P3_Prestwick,Prestw-555,M13,B007,0,A
CBP-0063781-03,P3_Prestwick,Prestw-405,B04,B007,0,A
CBP-0063782-02,P3_Prestwick,Prestw-1147,N04,B007,0,A
CBP-0063783-02,P3_Prestwick,Prestw-1351,N14,B007,0,A
CBP-0063784-02,P3_Prestwick,Prestw-1500,I15,B007,0,A
CBP-0063785-03,P3_Prestwick,Prestw-435,E06,B007,0,A
CBP-0063786-04,P3_Prestwick,Prestw-1410,E16,B007,0,A
CBP-0063787-02,P3_Prestwick,Prestw-1121,J16,B007,0,A
CBP-0063788-02,P3_Prestwick,Prestw-1604,F17,B007,0,A
CBP-0063789-02,P3_Prestwick,Prestw-496,P09,B007,0,A
CBP-0063790-02,P3_Prestwick,Prestw-356,G01,B007,0,A
CBP-0063791-04,P3_Prestwick,Prestw-516,G11,B007,0,A
CBP-0063792-02,P3_Prestwick,Prestw-526,L11,B007,0,A
CBP-0063793-02,P3_Prestwick,Prestw-376,H02,B007,0,A
CBP-0063794-04,P3_Prestwick,Prestw-546,C13,B007,0,A
CBP-0063795-04,P3_Prestwick,Prestw-396,O03,B007,0,A
CBP-0063796-03,P3_Prestwick,Prestw-1144,O13,B007,0,A
CBP-0063797-02,P3_Prestwick,Prestw-1211,K15,B007,0,A
CBP-0063798-02,P3_Prestwick,Prestw-436,G06,B007,0,A
CBP-0063799-02,P3_Prestwick,Prestw-1400,C08,B007,0,A
CBP-0063800-02,P3_Prestwick,Prestw-626,C18,B007,0,A
CBP-0063801-02,P3_Prestwick,Prestw-1488,O18,B007,0,A
CBP-0063802-02,P3_Prestwick,Prestw-327,F21,B006,0,A
CBP-0063803-02,P3_Prestwick,Prestw-347,M22,B006,0,A
CBP-0063804-03,P3_Prestwick,Prestw-357,B01,B007,0,A
CBP-0063805-02,P3_Prestwick,Prestw-517,B11,B007,0,A
CBP-0063806-02,P3_Prestwick,Prestw-527,N11,B007,0,A
CBP-0063807-02,P3_Prestwick,Prestw-547,E13,B007,0,A
CBP-0063808-02,P3_Prestwick,Prestw-557,J13,B007,0,A
CBP-0063809-02,P3_Prestwick,Prestw-1139,F14,B007,0,A
CBP-0063810-02,P3_Prestwick,Prestw-1298,A05,B007,0,A
CBP-0063811-02,P3_Prestwick,Prestw-437,B06,B007,0,A
CBP-0063812-07,P3_Prestwick,Prestw-1183,B16,B007,0,A
CBP-0063813-02,P3_Prestwick,Prestw-607,N16,B007,0,A
CBP-0063814-03,P3_Prestwick,Prestw-1157,E08,B007,0,A
CBP-0063815-02,P3_Prestwick,Prestw-627,E18,B007,0,A
CBP-0063816-02,P3_Prestwick,Prestw-1427,J18,B007,0,A
CBP-0063817-02,P3_Prestwick,Prestw-328,H21,B006,0,A
CBP-0063818-02,P3_Prestwick,Prestw-338,C22,B006,0,A
CBP-0063819-04,P3_Prestwick,Prestw-498,C10,B007,0,A
CBP-0063820-02,P3_Prestwick,Prestw-110,O10,B007,0,A
CBP-0063821-02,P3_Prestwick,Prestw-528,P11,B007,0,A
CBP-0063822-03,P3_Prestwick,Prestw-378,K02,B007,0,A
CBP-0063823-02,P3_Prestwick,Prestw-538,K12,B007,0,A
CBP-0063824-02,P3_Prestwick,Prestw-558,L13,B007,0,A
CBP-0063825-04,P3_Prestwick,Prestw-1174,H14,B007,0,A
CBP-0063826-03,P3_Prestwick,Prestw-418,C05,B007,0,A
CBP-0063827-03,P3_Prestwick,Prestw-1460,P16,B007,0,A
CBP-0063828-02,P3_Prestwick,Prestw-1127,K17,B007,0,A
CBP-0063829-02,P3_Prestwick,Prestw-489,I09,B007,0,A
CBP-0063830-02,P3_Prestwick,Prestw-509,J10,B007,0,A
CBP-0063831-02,P3_Prestwick,Prestw-519,F11,B007,0,A
CBP-0063832-02,P3_Prestwick,Prestw-369,A02,B007,0,A
CBP-0063833-02,P3_Prestwick,Prestw-539,M12,B007,0,A
CBP-0063834-02,P3_Prestwick,Prestw-1403,I14,B007,0,A
CBP-0063835-02,P3_Prestwick,Prestw-419,E05,B007,0,A
CBP-0063836-02,P3_Prestwick,Prestw-1297,E15,B007,0,A
CBP-0063837-02,P3_Prestwick,Prestw-439,F06,B007,0,A
CBP-0063838-03,P3_Prestwick,Prestw-1292,A17,B007,0,A
CBP-0063839-02,P3_Prestwick,Prestw-1251,M07,B007,0,A
CBP-0063840-02,P3_Prestwick,Prestw-619,M17,B007,0,A
CBP-0063841-02,P3_Prestwick,Prestw-469,B08,B007,0,A
CBP-0063842-02,P3_Prestwick,Prestw-1408,N18,B007,0,A
CBP-0063843-02,P3_Prestwick,Prestw-360,H01,B007,0,A
CBP-0063844-02,P3_Prestwick,Prestw-520,H11,B007,0,A
CBP-0063845-02,P3_Prestwick,Prestw-370,C02,B007,0,A
CBP-0063846-03,P3_Prestwick,Prestw-530,C12,B007,0,A
CBP-0063847-02,P3_Prestwick,Prestw-540,O12,B007,0,A
CBP-0063848-02,P3_Prestwick,Prestw-550,D13,B007,0,A
CBP-0063849-04,P3_Prestwick,Prestw-400,P03,B007,0,A
CBP-0063850-02,P3_Prestwick,Prestw-410,K04,B007,0,A
CBP-0063851-03,P3_Prestwick,Prestw-1449,K14,B007,0,A
CBP-0063852-05,P3_Prestwick,Prestw-1242,G05,B007,0,A
CBP-0063853-04,P3_Prestwick,Prestw-1228,G15,B007,0,A
CBP-0063854-02,P3_Prestwick,Prestw-430,L05,B007,0,A
CBP-0063855-02,P3_Prestwick,Prestw-1409,L15,B007,0,A
CBP-0063856-03,P3_Prestwick,Prestw-440,H06,B007,0,A
CBP-0063857-02,P3_Prestwick,Prestw-1367,H16,B007,0,A
CBP-0063858-02,P3_Prestwick,Prestw-470,D08,B007,0,A
CBP-0063859-02,P3_Prestwick,Prestw-1385,P08,B007,0,A
CBP-0063860-02,P3_Prestwick,Prestw-1341,P18,B007,0,A
CBP-0063861-02,P3_Prestwick,Prestw-641,A19,B007,0,A
CBP-0063862-03,P3_Prestwick,Prestw-651,M19,B007,0,A
CBP-0063863-02,P3_Prestwick,Prestw-1233,M07,B008,0,A
CBP-0063864-02,P3_Prestwick,Prestw-1317,B20,B007,0,A
CBP-0063865-02,P3_Prestwick,Prestw-671,N20,B007,0,A
CBP-0063866-02,P3_Prestwick,Prestw-831,N08,B008,0,A
CBP-0063867-02,P3_Prestwick,Prestw-1318,I21,B007,0,A
CBP-0063868-02,P3_Prestwick,Prestw-1455,I09,B008,0,A
CBP-0063869-02,P3_Prestwick,Prestw-1353,E22,B007,0,A
CBP-0063870-02,P3_Prestwick,Prestw-711,F01,B008,0,A
CBP-0063871-02,P3_Prestwick,Prestw-871,F11,B008,0,A
CBP-0063872-02,P3_Prestwick,Prestw-721,A02,B008,0,A
CBP-0063873-02,P3_Prestwick,Prestw-881,A12,B008,0,A
CBP-0063874-02,P3_Prestwick,Prestw-1486,M12,B008,0,A
CBP-0063875-02,P3_Prestwick,Prestw-741,B03,B008,0,A
CBP-0063876-02,P3_Prestwick,Prestw-901,B13,B008,0,A
CBP-0063877-02,P3_Prestwick,Prestw-761,I04,B008,0,A
CBP-0063878-02,P3_Prestwick,Prestw-921,I14,B008,0,A
CBP-0063879-02,P3_Prestwick,Prestw-771,E05,B008,0,A
CBP-0063880-03,P3_Prestwick,Prestw-781,J05,B008,0,A
CBP-0063881-02,P3_Prestwick,Prestw-951,F16,B008,0,A
CBP-0063882-06,P3_Prestwick,Prestw-1270,C19,B007,0,A
CBP-0063883-02,P3_Prestwick,Prestw-802,C07,B008,0,A
CBP-0063884-02,P3_Prestwick,Prestw-652,O19,B007,0,A
CBP-0063885-02,P3_Prestwick,Prestw-1477,D20,B007,0,A
CBP-0063886-02,P3_Prestwick,Prestw-1340,K21,B007,0,A
CBP-0063887-02,P3_Prestwick,Prestw-702,L22,B007,0,A
CBP-0063888-02,P3_Prestwick,Prestw-712,H01,B008,0,A
CBP-0063889-02,P3_Prestwick,Prestw-872,H11,B008,0,A
CBP-0063890-02,P3_Prestwick,Prestw-882,C12,B008,0,A
CBP-0063891-04,P3_Prestwick,Prestw-732,O02,B008,0,A
CBP-0063892-03,P3_Prestwick,Prestw-1416,O12,B008,0,A
CBP-0063893-02,P3_Prestwick,Prestw-742,D03,B008,0,A
CBP-0063894-02,P3_Prestwick,Prestw-912,P13,B008,0,A
CBP-0063895-02,P3_Prestwick,Prestw-762,K04,B008,0,A
CBP-0063896-03,P3_Prestwick,Prestw-782,L05,B008,0,A
CBP-0063897-04,P3_Prestwick,Prestw-1197,H16,B008,0,A
CBP-0063898-02,P3_Prestwick,Prestw-643,E19,B007,0,A
CBP-0063899-02,P3_Prestwick,Prestw-803,E07,B008,0,A
CBP-0063900-04,P3_Prestwick,Prestw-1365,F20,B007,0,A
CBP-0063901-02,P3_Prestwick,Prestw-823,F08,B008,0,A
CBP-0063902-03,P3_Prestwick,Prestw-833,A09,B008,0,A
CBP-0063903-02,P3_Prestwick,Prestw-853,B10,B008,0,A
CBP-0063904-02,P3_Prestwick,Prestw-703,N22,B007,0,A
CBP-0063905-02,P3_Prestwick,Prestw-883,E12,B008,0,A
CBP-0063906-02,P3_Prestwick,Prestw-893,J12,B008,0,A
CBP-0063907-02,P3_Prestwick,Prestw-743,F03,B008,0,A
CBP-0063908-02,P3_Prestwick,Prestw-903,F13,B008,0,A
CBP-0063909-02,P3_Prestwick,Prestw-913,A14,B008,0,A
CBP-0063910-03,P3_Prestwick,Prestw-773,B05,B008,0,A
CBP-0063911-04,P3_Prestwick,Prestw-783,N05,B008,0,A
CBP-0063912-02,P3_Prestwick,Prestw-644,G19,B007,0,A
CBP-0063913-02,P3_Prestwick,Prestw-654,L19,B007,0,A
CBP-0063914-02,P3_Prestwick,Prestw-824,H08,B008,0,A
CBP-0063915-02,P3_Prestwick,Prestw-694,D22,B007,0,A
CBP-0063916-02,P3_Prestwick,Prestw-854,D10,B008,0,A
CBP-0063917-02,P3_Prestwick,Prestw-704,P22,B007,0,A
CBP-0063918-02,P3_Prestwick,Prestw-864,P10,B008,0,A
CBP-0063919-02,P3_Prestwick,Prestw-714,K01,B008,0,A
CBP-0063920-02,P3_Prestwick,Prestw-724,G02,B008,0,A
CBP-0063921-02,P3_Prestwick,Prestw-884,G12,B008,0,A
CBP-0063922-02,P3_Prestwick,Prestw-734,L02,B008,0,A
CBP-0063923-02,P3_Prestwick,Prestw-894,L12,B008,0,A
CBP-0063924-02,P3_Prestwick,Prestw-904,H13,B008,0,A
CBP-0063925-03,P3_Prestwick,Prestw-774,D05,B008,0,A
CBP-0063926-02,P3_Prestwick,Prestw-934,D15,B008,0,A
CBP-0063927-02,P3_Prestwick,Prestw-784,P05,B008,0,A
CBP-0063928-02,P3_Prestwick,Prestw-954,K16,B008,0,A
CBP-0063929-02,P3_Prestwick,Prestw-645,B19,B007,0,A
CBP-0063930-02,P3_Prestwick,Prestw-805,B07,B008,0,A
CBP-0063931-02,P3_Prestwick,Prestw-655,N19,B007,0,A
CBP-0063932-02,P3_Prestwick,Prestw-815,N07,B008,0,A
CBP-0063933-02,P3_Prestwick,Prestw-825,I08,B008,0,A
CBP-0063935-02,P3_Prestwick,Prestw-1170,F22,B007,0,A
CBP-0063936-03,P3_Prestwick,Prestw-855,F10,B008,0,A
CBP-0063937-05,P3_Prestwick,Prestw-865,A11,B008,0,A
CBP-0063938-02,P3_Prestwick,Prestw-715,M01,B008,0,A
CBP-0063939-02,P3_Prestwick,Prestw-895,N12,B008,0,A
CBP-0063940-02,P3_Prestwick,Prestw-745,I03,B008,0,A
CBP-0063941-03,P3_Prestwick,Prestw-765,J04,B008,0,A
CBP-0063942-02,P3_Prestwick,Prestw-785,A06,B008,0,A
CBP-0063943-03,P3_Prestwick,Prestw-945,A16,B008,0,A
CBP-0063944-02,P3_Prestwick,Prestw-795,M06,B008,0,A
CBP-0063945-02,P3_Prestwick,Prestw-955,M16,B008,0,A
CBP-0063946-02,P3_Prestwick,Prestw-656,P19,B007,0,A
CBP-0063947-02,P3_Prestwick,Prestw-816,P07,B008,0,A
CBP-0063948-03,P3_Prestwick,Prestw-666,K20,B007,0,A
CBP-0063949-02,P3_Prestwick,Prestw-676,G21,B007,0,A
CBP-0063950-02,P3_Prestwick,Prestw-836,G09,B008,0,A
CBP-0063951-03,P3_Prestwick,Prestw-846,L09,B008,0,A
CBP-0063952-02,P3_Prestwick,Prestw-696,H22,B007,0,A
CBP-0063953-02,P3_Prestwick,Prestw-866,C11,B008,0,A
CBP-0063954-04,P3_Prestwick,Prestw-1239,O11,B008,0,A
CBP-0063955-02,P3_Prestwick,Prestw-886,D12,B008,0,A
CBP-0063956-02,P3_Prestwick,Prestw-896,P12,B008,0,A
CBP-0063957-02,P3_Prestwick,Prestw-756,G04,B008,0,A
CBP-0063958-02,P3_Prestwick,Prestw-766,L04,B008,0,A
CBP-0063959-02,P3_Prestwick,Prestw-776,H05,B008,0,A
CBP-0063960-03,P3_Prestwick,Prestw-786,C06,B008,0,A
CBP-0063961-04,P3_Prestwick,Prestw-796,O06,B008,0,A
CBP-0063962-04,P3_Prestwick,Prestw-956,O16,B008,0,A
CBP-0063963-02,P3_Prestwick,Prestw-1166,F19,B007,0,A
CBP-0063964-03,P3_Prestwick,Prestw-1509,A08,B008,0,A
CBP-0063965-02,P3_Prestwick,Prestw-1507,M20,B007,0,A
CBP-0063966-02,P3_Prestwick,Prestw-697,I22,B007,0,A
CBP-0063967-03,P3_Prestwick,Prestw-717,J01,B008,0,A
CBP-0063968-02,P3_Prestwick,Prestw-1140,F02,B008,0,A
CBP-0063969-02,P3_Prestwick,Prestw-887,F12,B008,0,A
CBP-0063970-02,P3_Prestwick,Prestw-897,A13,B008,0,A
CBP-0063971-04,P3_Prestwick,Prestw-1600,M03,B008,0,A
CBP-0063972-02,P3_Prestwick,Prestw-757,B04,B008,0,A
CBP-0063973-03,P3_Prestwick,Prestw-917,B14,B008,0,A
CBP-0063974-02,P3_Prestwick,Prestw-937,I15,B008,0,A
CBP-0063975-02,P3_Prestwick,Prestw-957,J16,B008,0,A
CBP-0063976-02,P3_Prestwick,Prestw-1154,H19,B007,0,A
CBP-0063977-02,P3_Prestwick,Prestw-808,H07,B008,0,A
CBP-0063978-02,P3_Prestwick,Prestw-658,C20,B007,0,A
CBP-0063979-02,P3_Prestwick,Prestw-818,C08,B008,0,A
CBP-0063980-03,P3_Prestwick,Prestw-1165,O20,B007,0,A
CBP-0063981-03,P3_Prestwick,Prestw-1349,D21,B007,0,A
CBP-0063982-02,P3_Prestwick,Prestw-838,D09,B008,0,A
CBP-0063983-02,P3_Prestwick,Prestw-848,P09,B008,0,A
CBP-0063984-03,P3_Prestwick,Prestw-868,G11,B008,0,A
CBP-0063985-02,P3_Prestwick,Prestw-718,L01,B008,0,A
CBP-0063986-02,P3_Prestwick,Prestw-878,L11,B008,0,A
CBP-0063987-02,P3_Prestwick,Prestw-728,H02,B008,0,A
CBP-0063988-02,P3_Prestwick,Prestw-898,C13,B008,0,A
CBP-0063989-03,P3_Prestwick,Prestw-908,O13,B008,0,A
CBP-0063990-02,P3_Prestwick,Prestw-768,P04,B008,0,A
CBP-0063991-02,P3_Prestwick,Prestw-798,L06,B008,0,A
CBP-0063992-03,P3_Prestwick,Prestw-958,L16,B008,0,A
CBP-0063993-02,P3_Prestwick,Prestw-649,I19,B007,0,A
CBP-0063994-02,P3_Prestwick,Prestw-809,I07,B008,0,A
CBP-0063995-02,P3_Prestwick,Prestw-659,E20,B007,0,A
CBP-0063996-03,P3_Prestwick,Prestw-1162,J20,B007,0,A
CBP-0063997-02,P3_Prestwick,Prestw-829,J08,B008,0,A
CBP-0063998-02,P3_Prestwick,Prestw-1379,A10,B008,0,A
CBP-0063999-02,P3_Prestwick,Prestw-699,M22,B007,0,A
CBP-0064000-02,P3_Prestwick,Prestw-709,B01,B008,0,A
CBP-0064001-02,P3_Prestwick,Prestw-869,B11,B008,0,A
CBP-0064002-02,P3_Prestwick,Prestw-729,I02,B008,0,A
CBP-0064003-02,P3_Prestwick,Prestw-1167,I12,B008,0,A
CBP-0064004-02,P3_Prestwick,Prestw-739,E03,B008,0,A
CBP-0064005-02,P3_Prestwick,Prestw-899,E13,B008,0,A
CBP-0064006-02,P3_Prestwick,Prestw-909,J13,B008,0,A
CBP-0064007-02,P3_Prestwick,Prestw-919,F14,B008,0,A
CBP-0064008-02,P3_Prestwick,Prestw-769,A05,B008,0,A
CBP-0064009-02,P3_Prestwick,Prestw-939,M15,B008,0,A
CBP-0064010-02,P3_Prestwick,Prestw-660,G20,B007,0,A
CBP-0064011-02,P3_Prestwick,Prestw-1363,H21,B007,0,A
CBP-0064012-02,P3_Prestwick,Prestw-850,C10,B008,0,A
CBP-0064013-02,P3_Prestwick,Prestw-860,O10,B008,0,A
CBP-0064014-02,P3_Prestwick,Prestw-1136,D01,B008,0,A
CBP-0064015-02,P3_Prestwick,Prestw-750,L03,B008,0,A
CBP-0064016-03,P3_Prestwick,Prestw-790,D06,B008,0,A
CBP-0064017-02,P3_Prestwick,Prestw-800,P06,B008,0,A
CBP-0064018-02,P3_Prestwick,Prestw-1249,B06,B009,0,A
CBP-0064019-02,P3_Prestwick,Prestw-991,N18,B008,0,A
CBP-0064020-02,P3_Prestwick,Prestw-1001,I19,B008,0,A
CBP-0064021-04,P3_Prestwick,Prestw-1196,E08,B009,0,A
CBP-0064022-03,P3_Prestwick,Prestw-1021,J20,B008,0,A
CBP-0064023-02,P3_Prestwick,Prestw-1265,J08,B009,0,A
CBP-0064024-09,P3_Prestwick,Prestw-1290,F09,B009,0,A
CBP-0064025-02,P3_Prestwick,Prestw-1041,A22,B008,0,A
CBP-0064026-02,P3_Prestwick,Prestw-1061,B01,B009,0,A
CBP-0064027-02,P3_Prestwick,Prestw-1071,N01,B009,0,A
CBP-0064028-02,P3_Prestwick,Prestw-1091,E03,B009,0,A
CBP-0064029-02,P3_Prestwick,Prestw-1101,J03,B009,0,A
CBP-0064030-02,P3_Prestwick,Prestw-1259,C17,B008,0,A
CBP-0064031-04,P3_Prestwick,Prestw-1222,C05,B009,0,A
CBP-0064032-02,P3_Prestwick,Prestw-1435,O05,B009,0,A
CBP-0064033-02,P3_Prestwick,Prestw-982,D18,B008,0,A
CBP-0064034-02,P3_Prestwick,Prestw-1012,G20,B008,0,A
CBP-0064035-02,P3_Prestwick,Prestw-1232,G08,B009,0,A
CBP-0064036-02,P3_Prestwick,Prestw-1244,L08,B009,0,A
CBP-0064037-02,P3_Prestwick,Prestw-1446,H09,B009,0,A
CBP-0064038-02,P3_Prestwick,Prestw-1052,O22,B008,0,A
CBP-0064039-02,P3_Prestwick,Prestw-1062,D01,B009,0,A
CBP-0064040-02,P3_Prestwick,Prestw-963,E17,B008,0,A
CBP-0064041-03,P3_Prestwick,Prestw-1263,F06,B009,0,A
CBP-0064042-02,P3_Prestwick,Prestw-1003,M19,B008,0,A
CBP-0064043-02,P3_Prestwick,Prestw-1229,M07,B009,0,A
CBP-0064044-02,P3_Prestwick,Prestw-1234,B08,B009,0,A
CBP-0064045-04,P3_Prestwick,Prestw-1266,N08,B009,0,A
CBP-0064046-02,P3_Prestwick,Prestw-1033,I21,B008,0,A
CBP-0064047-02,P3_Prestwick,Prestw-1294,M02,B009,0,A
CBP-0064048-02,P3_Prestwick,Prestw-1443,B03,B009,0,A
CBP-0064049-02,P3_Prestwick,Prestw-1202,N03,B009,0,A
CBP-0064050-02,P3_Prestwick,Prestw-1345,G05,B009,0,A
CBP-0064051-03,P3_Prestwick,Prestw-1223,L05,B009,0,A
CBP-0064052-03,P3_Prestwick,Prestw-1459,H18,B008,0,A
CBP-0064053-02,P3_Prestwick,Prestw-1261,H06,B009,0,A
CBP-0064054-02,P3_Prestwick,Prestw-994,C19,B008,0,A
CBP-0064055-02,P3_Prestwick,Prestw-1497,C07,B009,0,A
CBP-0064056-03,P3_Prestwick,Prestw-1405,O07,B009,0,A
CBP-0064057-04,P3_Prestwick,Prestw-1014,D20,B008,0,A
CBP-0064058-02,P3_Prestwick,Prestw-1024,P20,B008,0,A
CBP-0064059-03,P3_Prestwick,Prestw-1190,P08,B009,0,A
CBP-0064060-02,P3_Prestwick,Prestw-1338,K09,B009,0,A
CBP-0064061-02,P3_Prestwick,Prestw-1044,G22,B008,0,A
CBP-0064062-02,P3_Prestwick,Prestw-1074,C02,B009,0,A
CBP-0064063-02,P3_Prestwick,Prestw-1094,D03,B009,0,A
CBP-0064064-03,P3_Prestwick,Prestw-1415,B17,B008,0,A
CBP-0064065-02,P3_Prestwick,Prestw-1414,B05,B009,0,A
CBP-0064066-02,P3_Prestwick,Prestw-1476,N05,B009,0,A
CBP-0064067-02,P3_Prestwick,Prestw-1268,I18,B008,0,A
CBP-0064068-05,P3_Prestwick,Prestw-1371,I06,B009,0,A
CBP-0064069-02,P3_Prestwick,Prestw-1479,E07,B009,0,A
CBP-0064070-02,P3_Prestwick,Prestw-1005,J19,B008,0,A
CBP-0064071-03,P3_Prestwick,Prestw-1419,J07,B009,0,A
CBP-0064072-02,P3_Prestwick,Prestw-1433,F08,B009,0,A
CBP-0064073-04,P3_Prestwick,Prestw-1025,A21,B008,0,A
CBP-0064074-02,P3_Prestwick,Prestw-1319,M09,B009,0,A
CBP-0064075-03,P3_Prestwick,Prestw-1493,J02,B009,0,A
CBP-0064076-02,P3_Prestwick,Prestw-1105,A04,B009,0,A
CBP-0064077-02,P3_Prestwick,Prestw-1115,M04,B009,0,A
CBP-0064078-02,P3_Prestwick,Prestw-986,K18,B008,0,A
CBP-0064079-03,P3_Prestwick,Prestw-1258,K06,B009,0,A
CBP-0064080-02,P3_Prestwick,Prestw-1321,G19,B008,0,A
CBP-0064081-02,P3_Prestwick,Prestw-1401,G07,B009,0,A
CBP-0064083-02,P3_Prestwick,Prestw-1343,L07,B009,0,A
CBP-0064084-02,P3_Prestwick,Prestw-1026,C21,B008,0,A
CBP-0064085-02,P3_Prestwick,Prestw-1189,C09,B009,0,A
CBP-0064086-03,P3_Prestwick,Prestw-1046,D22,B008,0,A
CBP-0064087-02,P3_Prestwick,Prestw-1056,P22,B008,0,A
CBP-0064088-03,P3_Prestwick,Prestw-1096,H03,B009,0,A
CBP-0064089-02,P3_Prestwick,Prestw-1106,C04,B009,0,A
CBP-0064090-02,P3_Prestwick,Prestw-1267,F17,B008,0,A
CBP-0064091-04,P3_Prestwick,Prestw-1482,F05,B009,0,A
CBP-0064092-04,P3_Prestwick,Prestw-1262,A06,B009,0,A
CBP-0064093-02,P3_Prestwick,Prestw-1316,M18,B008,0,A
CBP-0064094-05,P3_Prestwick,Prestw-1483,M06,B009,0,A
CBP-0064095-04,P3_Prestwick,Prestw-997,B19,B008,0,A
CBP-0064096-02,P3_Prestwick,Prestw-1390,N07,B009,0,A
CBP-0064097-02,P3_Prestwick,Prestw-1180,E09,B009,0,A
CBP-0064098-02,P3_Prestwick,Prestw-1334,J09,B009,0,A
CBP-0064099-02,P3_Prestwick,Prestw-1047,F22,B008,0,A
CBP-0064100-04,P3_Prestwick,Prestw-1420,B02,B009,0,A
CBP-0064102-03,P3_Prestwick,Prestw-1107,E04,B009,0,A
CBP-0064103-02,P3_Prestwick,Prestw-1117,J04,B009,0,A
CBP-0064104-02,P3_Prestwick,Prestw-1452,O18,B008,0,A
CBP-0064105-04,P3_Prestwick,Prestw-1484,O06,B009,0,A
CBP-0064106-02,P3_Prestwick,Prestw-1187,D07,B009,0,A
CBP-0064107-03,P3_Prestwick,Prestw-1378,P07,B009,0,A
CBP-0064108-04,P3_Prestwick,Prestw-1018,K20,B008,0,A
CBP-0064109-02,P3_Prestwick,Prestw-1350,K08,B009,0,A
CBP-0064110-02,P3_Prestwick,Prestw-1376,G09,B009,0,A
CBP-0064111-02,P3_Prestwick,Prestw-1342,L09,B009,0,A
CBP-0064112-02,P3_Prestwick,Prestw-1048,H22,B008,0,A
CBP-0064113-02,P3_Prestwick,Prestw-1339,K03,B009,0,A
CBP-0064114-02,P3_Prestwick,Prestw-1108,G04,B009,0,A
CBP-0064115-03,P3_Prestwick,Prestw-1478,I05,B009,0,A
CBP-0064116-02,P3_Prestwick,Prestw-1374,J18,B008,0,A
CBP-0064117-03,P3_Prestwick,Prestw-1356,J06,B009,0,A
CBP-0064118-02,P3_Prestwick,Prestw-1224,F07,B009,0,A
CBP-0064119-02,P3_Prestwick,Prestw-1009,A20,B008,0,A
CBP-0064120-02,P3_Prestwick,Prestw-1019,M20,B008,0,A
CBP-0064121-04,P3_Prestwick,Prestw-1291,B09,B009,0,A
CBP-0064122-02,P3_Prestwick,Prestw-1049,I22,B008,0,A
CBP-0064123-02,P3_Prestwick,Prestw-1069,J01,B009,0,A
CBP-0064124-02,P3_Prestwick,Prestw-1109,B04,B009,0,A
CBP-0064125-02,P3_Prestwick,Prestw-1119,N04,B009,0,A
CBP-0064126-03,P3_Prestwick,Prestw-1473,K05,B009,0,A
CBP-0064127-02,P3_Prestwick,Prestw-1394,G06,B009,0,A
CBP-0064128-02,P3_Prestwick,Prestw-1417,L06,B009,0,A
CBP-0064129-02,P3_Prestwick,Prestw-1000,H19,B008,0,A
CBP-0064130-02,P3_Prestwick,Prestw-1020,O20,B008,0,A
CBP-0064131-02,P3_Prestwick,Prestw-1241,O08,B009,0,A
CBP-0064132-02,P3_Prestwick,Prestw-1030,D21,B008,0,A
CBP-0064133-02,P3_Prestwick,Prestw-1423,D09,B009,0,A
CBP-0064134-03,P3_Prestwick,Prestw-1472,P09,B009,0,A
CBP-0064135-02,P3_Prestwick,Prestw-1050,K22,B008,0,A
CBP-0064136-05,P3_Prestwick,Prestw-1362,L01,B009,0,A
CBP-0064137-02,P3_Prestwick,Prestw-1080,H02,B009,0,A
CBP-0064138-02,P3_Prestwick,Prestw-1090,C03,B009,0,A
CBP-0064139-02,P3_Prestwick,Prestw-1195,O03,B009,0,A
CBP-0064140-02,P3_Prestwick,Prestw-1110,D04,B009,0,A
CBP-0064141-02,P3_Prestwick,Prestw-1120,P04,B009,0,A
CBP-0064142-02,P3_Prestwick,Prestw-191,N12,B006,0,A
CBP-0064143-03,P3_Prestwick,Prestw-201,I13,B006,0,A
CBP-0064144-02,P3_Prestwick,Prestw-61,J04,B006,0,A
CBP-0064145-02,P3_Prestwick,Prestw-71,F05,B006,0,A
CBP-0064146-03,P3_Prestwick,Prestw-101,B07,B006,0,A
CBP-0064147-03,P3_Prestwick,Prestw-111,N07,B006,0,A
CBP-0064148-02,P3_Prestwick,Prestw-212,G14,B006,0,A
CBP-0064149-03,P3_Prestwick,Prestw-62,L04,B006,0,A
CBP-0064150-02,P3_Prestwick,Prestw-232,H15,B006,0,A
CBP-0064151-02,P3_Prestwick,Prestw-242,C16,B006,0,A
CBP-0064152-02,P3_Prestwick,Prestw-92,O06,B006,0,A
CBP-0064153-02,P3_Prestwick,Prestw-252,O16,B006,0,A
CBP-0064154-02,P3_Prestwick,Prestw-1471,K08,B006,0,A
CBP-0064155-02,P3_Prestwick,Prestw-302,L19,B006,0,A
CBP-0064156-03,P3_Prestwick,Prestw-173,J11,B006,0,A
CBP-0064157-02,P3_Prestwick,Prestw-43,M03,B006,0,A
CBP-0064158-02,P3_Prestwick,Prestw-283,M18,B006,0,A
CBP-0064159-02,P3_Prestwick,Prestw-133,B09,B006,0,A
CBP-0064160-02,P3_Prestwick,Prestw-293,B19,B006,0,A
CBP-0064161-03,P3_Prestwick,Prestw-4,G01,B006,0,A
CBP-0064162-02,P3_Prestwick,Prestw-174,L11,B006,0,A
CBP-0064163-02,P3_Prestwick,Prestw-84,G06,B006,0,A
CBP-0064164-02,P3_Prestwick,Prestw-264,H17,B006,0,A
CBP-0064165-02,P3_Prestwick,Prestw-294,D19,B006,0,A
CBP-0064166-02,P3_Prestwick,Prestw-304,P19,B006,0,A
CBP-0064167-02,P3_Prestwick,Prestw-314,K20,B006,0,A
CBP-0064168-02,P3_Prestwick,Prestw-5,B01,B006,0,A
CBP-0064169-02,P3_Prestwick,Prestw-15,N01,B006,0,A
CBP-0064170-02,P3_Prestwick,Prestw-1231,E13,B006,0,A
CBP-0064171-02,P3_Prestwick,Prestw-215,F14,B006,0,A
CBP-0064172-02,P3_Prestwick,Prestw-75,M05,B006,0,A
CBP-0064174-02,P3_Prestwick,Prestw-145,A10,B006,0,A
CBP-0064175-02,P3_Prestwick,Prestw-305,A20,B006,0,A
CBP-0064176-02,P3_Prestwick,Prestw-315,M20,B006,0,A
CBP-0064177-02,P3_Prestwick,Prestw-166,D11,B006,0,A
CBP-0064178-03,P3_Prestwick,Prestw-186,K12,B006,0,A
CBP-0064179-02,P3_Prestwick,Prestw-46,L03,B006,0,A
CBP-0064180-02,P3_Prestwick,Prestw-66,C05,B006,0,A
CBP-0064181-03,P3_Prestwick,Prestw-236,O15,B006,0,A
CBP-0064182-02,P3_Prestwick,Prestw-116,G08,B006,0,A
CBP-0064183-02,P3_Prestwick,Prestw-126,L08,B006,0,A
CBP-0064184-02,P3_Prestwick,Prestw-286,L18,B006,0,A
CBP-0064185-03,P3_Prestwick,Prestw-306,C20,B006,0,A
CBP-0064186-02,P3_Prestwick,Prestw-47,N03,B006,0,A
CBP-0064187-02,P3_Prestwick,Prestw-57,I04,B006,0,A
CBP-0064188-02,P3_Prestwick,Prestw-137,I09,B006,0,A
CBP-0064189-02,P3_Prestwick,Prestw-297,I19,B006,0,A
CBP-0064190-02,P3_Prestwick,Prestw-8,H01,B006,0,A
CBP-0064191-02,P3_Prestwick,Prestw-28,O02,B006,0,A
CBP-0064192-02,P3_Prestwick,Prestw-68,G05,B006,0,A
CBP-0064193-03,P3_Prestwick,Prestw-258,C17,B006,0,A
CBP-0064194-02,P3_Prestwick,Prestw-118,D08,B006,0,A
CBP-0064195-02,P3_Prestwick,Prestw-298,K19,B006,0,A
CBP-0064196-02,P3_Prestwick,Prestw-148,G10,B006,0,A
CBP-0064197-02,P3_Prestwick,Prestw-158,L10,B006,0,A
CBP-0064198-02,P3_Prestwick,Prestw-169,I11,B006,0,A
CBP-0064199-03,P3_Prestwick,Prestw-179,E12,B006,0,A
CBP-0064200-02,P3_Prestwick,Prestw-49,A04,B006,0,A
CBP-0064201-02,P3_Prestwick,Prestw-69,B05,B006,0,A
CBP-0064202-02,P3_Prestwick,Prestw-229,B15,B006,0,A
CBP-0064203-02,P3_Prestwick,Prestw-79,N05,B006,0,A
CBP-0064204-02,P3_Prestwick,Prestw-149,B10,B006,0,A
CBP-0064205-02,P3_Prestwick,Prestw-309,B20,B006,0,A
CBP-0064206-02,P3_Prestwick,Prestw-319,N20,B006,0,A
CBP-0064207-02,P3_Prestwick,Prestw-60,O04,B006,0,A
CBP-0064208-02,P3_Prestwick,Prestw-80,P05,B006,0,A
CBP-0064209-02,P3_Prestwick,Prestw-270,L17,B006,0,A
CBP-0064210-02,P3_Prestwick,Prestw-280,H18,B006,0,A
CBP-0064211-02,P3_Prestwick,Prestw-140,O09,B006,0,A
CBP-0064212-02,P3_Prestwick,Prestw-300,O19,B006,0,A
CBP-0064213-02,P3_Prestwick,Prestw-310,D20,B006,0,A
CBP-0064214-02,P3_Prestwick,Prestw-331,M21,B006,0,A
CBP-0064215-02,P3_Prestwick,Prestw-491,M09,B007,0,A
CBP-0064216-02,P3_Prestwick,Prestw-361,I01,B007,0,A
CBP-0064217-03,P3_Prestwick,Prestw-541,J12,B007,0,A
CBP-0064218-02,P3_Prestwick,Prestw-1188,A14,B007,0,A
CBP-0064219-02,P3_Prestwick,Prestw-1328,B15,B007,0,A
CBP-0064220-02,P3_Prestwick,Prestw-1274,N15,B007,0,A
CBP-0064221-02,P3_Prestwick,Prestw-451,E07,B007,0,A
CBP-0064222-02,P3_Prestwick,Prestw-461,J07,B007,0,A
CBP-0064223-03,P3_Prestwick,Prestw-1210,F18,B007,0,A
CBP-0064224-02,P3_Prestwick,Prestw-322,C21,B006,0,A
CBP-0064225-02,P3_Prestwick,Prestw-482,C09,B007,0,A
CBP-0064226-02,P3_Prestwick,Prestw-502,D10,B007,0,A
CBP-0064228-02,P3_Prestwick,Prestw-552,H13,B007,0,A
CBP-0064229-02,P3_Prestwick,Prestw-1498,D15,B007,0,A
CBP-0064230-02,P3_Prestwick,Prestw-1380,K06,B007,0,A
CBP-0064231-03,P3_Prestwick,Prestw-1182,K16,B007,0,A
CBP-0064232-02,P3_Prestwick,Prestw-632,H18,B007,0,A
CBP-0064233-03,P3_Prestwick,Prestw-503,F10,B007,0,A
CBP-0064234-02,P3_Prestwick,Prestw-543,N12,B007,0,A
CBP-0064235-03,P3_Prestwick,Prestw-553,I13,B007,0,A
CBP-0064236-02,P3_Prestwick,Prestw-623,N17,B007,0,A
CBP-0064237-02,P3_Prestwick,Prestw-324,G21,B006,0,A
CBP-0064238-02,P3_Prestwick,Prestw-394,K03,B007,0,A
CBP-0064239-03,P3_Prestwick,Prestw-594,C16,B007,0,A
CBP-0064240-02,P3_Prestwick,Prestw-1252,O16,B007,0,A
CBP-0064241-03,P3_Prestwick,Prestw-1463,K18,B007,0,A
CBP-0064242-02,P3_Prestwick,Prestw-345,I22,B006,0,A
CBP-0064243-02,P3_Prestwick,Prestw-425,I05,B007,0,A
CBP-0064244-02,P3_Prestwick,Prestw-1464,A08,B007,0,A
CBP-0064245-02,P3_Prestwick,Prestw-1511,M18,B007,0,A
CBP-0064246-02,P3_Prestwick,Prestw-486,D09,B007,0,A
CBP-0064247-02,P3_Prestwick,Prestw-346,K22,B006,0,A
CBP-0064248-02,P3_Prestwick,Prestw-506,K10,B007,0,A
CBP-0064249-04,P3_Prestwick,Prestw-366,L01,B007,0,A
CBP-0064251-02,P3_Prestwick,Prestw-416,P04,B007,0,A
CBP-0064252-02,P3_Prestwick,Prestw-576,P14,B007,0,A
CBP-0064253-02,P3_Prestwick,Prestw-426,K05,B007,0,A
CBP-0064254-02,P3_Prestwick,Prestw-446,L06,B007,0,A
CBP-0064255-02,P3_Prestwick,Prestw-1331,L16,B007,0,A
CBP-0064256-02,P3_Prestwick,Prestw-456,H07,B007,0,A
CBP-0064257-02,P3_Prestwick,Prestw-616,H17,B007,0,A
CBP-0064258-02,P3_Prestwick,Prestw-476,O08,B007,0,A
CBP-0064259-05,P3_Prestwick,Prestw-487,F09,B007,0,A
CBP-0064260-02,P3_Prestwick,Prestw-497,A10,B007,0,A
CBP-0064261-02,P3_Prestwick,Prestw-1159,M10,B007,0,A
CBP-0064262-02,P3_Prestwick,Prestw-367,N01,B007,0,A
CBP-0064263-02,P3_Prestwick,Prestw-377,I02,B007,0,A
CBP-0064264-02,P3_Prestwick,Prestw-397,J03,B007,0,A
CBP-0064265-02,P3_Prestwick,Prestw-1271,A15,B007,0,A
CBP-0064266-02,P3_Prestwick,Prestw-1393,M05,B007,0,A
CBP-0064267-02,P3_Prestwick,Prestw-457,I07,B007,0,A
CBP-0064268-02,P3_Prestwick,Prestw-488,H09,B007,0,A
CBP-0064269-02,P3_Prestwick,Prestw-348,O22,B006,0,A
CBP-0064270-02,P3_Prestwick,Prestw-1603,D01,B007,0,A
CBP-0064271-02,P3_Prestwick,Prestw-408,H04,B007,0,A
CBP-0064272-02,P3_Prestwick,Prestw-428,O05,B007,0,A
CBP-0064273-03,P3_Prestwick,Prestw-588,O15,B007,0,A
CBP-0064274-05,P3_Prestwick,Prestw-438,D06,B007,0,A
CBP-0064275-03,P3_Prestwick,Prestw-1129,G18,B007,0,A
CBP-0064276-02,P3_Prestwick,Prestw-1392,L18,B007,0,A
CBP-0064277-02,P3_Prestwick,Prestw-349,J22,B006,0,A
CBP-0064278-02,P3_Prestwick,Prestw-359,F01,B007,0,A
CBP-0064279-02,P3_Prestwick,Prestw-529,A12,B007,0,A
CBP-0064280-03,P3_Prestwick,Prestw-1152,M02,B007,0,A
CBP-0064281-02,P3_Prestwick,Prestw-1505,J05,B007,0,A
CBP-0064282-02,P3_Prestwick,Prestw-1130,J15,B007,0,A
CBP-0064283-02,P3_Prestwick,Prestw-1132,F16,B007,0,A
CBP-0064284-02,P3_Prestwick,Prestw-380,O02,B007,0,A
CBP-0064285-02,P3_Prestwick,Prestw-390,D03,B007,0,A
CBP-0064286-02,P3_Prestwick,Prestw-560,P13,B007,0,A
CBP-0064287-02,P3_Prestwick,Prestw-450,C07,B007,0,A
CBP-0064288-03,P3_Prestwick,Prestw-1284,C17,B007,0,A
CBP-0064289-02,P3_Prestwick,Prestw-460,O07,B007,0,A
CBP-0064290-02,P3_Prestwick,Prestw-1502,O17,B007,0,A
CBP-0064291-02,P3_Prestwick,Prestw-630,D18,B007,0,A
CBP-0064292-02,P3_Prestwick,Prestw-801,A07,B008,0,A
CBP-0064293-02,P3_Prestwick,Prestw-821,B08,B008,0,A
CBP-0064294-03,P3_Prestwick,Prestw-851,E10,B008,0,A
CBP-0064295-02,P3_Prestwick,Prestw-731,M02,B008,0,A
CBP-0064296-02,P3_Prestwick,Prestw-791,F06,B008,0,A
CBP-0064297-02,P3_Prestwick,Prestw-812,O07,B008,0,A
CBP-0064298-02,P3_Prestwick,Prestw-822,D08,B008,0,A
CBP-0064299-03,P3_Prestwick,Prestw-1346,P20,B007,0,A
CBP-0064300-02,P3_Prestwick,Prestw-832,P08,B008,0,A
CBP-0064301-02,P3_Prestwick,Prestw-722,C02,B008,0,A
CBP-0064302-02,P3_Prestwick,Prestw-752,P03,B008,0,A
CBP-0064303-03,P3_Prestwick,Prestw-932,G15,B008,0,A
CBP-0064304-02,P3_Prestwick,Prestw-792,H06,B008,0,A
CBP-0064305-02,P3_Prestwick,Prestw-653,J19,B007,0,A
CBP-0064306-02,P3_Prestwick,Prestw-813,J07,B008,0,A
CBP-0064307-02,P3_Prestwick,Prestw-1456,A21,B007,0,A
CBP-0064308-02,P3_Prestwick,Prestw-843,M09,B008,0,A
CBP-0064310-02,P3_Prestwick,Prestw-713,I01,B008,0,A
CBP-0064311-02,P3_Prestwick,Prestw-723,E02,B008,0,A
CBP-0064312-02,P3_Prestwick,Prestw-943,N15,B008,0,A
CBP-0064313-02,P3_Prestwick,Prestw-793,I06,B008,0,A
CBP-0064314-02,P3_Prestwick,Prestw-804,G07,B008,0,A
CBP-0064315-02,P3_Prestwick,Prestw-834,C09,B008,0,A
CBP-0064316-02,P3_Prestwick,Prestw-844,O09,B008,0,A
CBP-0064317-02,P3_Prestwick,Prestw-744,H03,B008,0,A
CBP-0064318-02,P3_Prestwick,Prestw-764,O04,B008,0,A
CBP-0064319-02,P3_Prestwick,Prestw-794,K06,B008,0,A
CBP-0064320-02,P3_Prestwick,Prestw-1387,I20,B007,0,A
CBP-0064321-03,P3_Prestwick,Prestw-1475,E21,B007,0,A
CBP-0064322-02,P3_Prestwick,Prestw-845,J09,B008,0,A
CBP-0064323-02,P3_Prestwick,Prestw-705,A01,B008,0,A
CBP-0064324-02,P3_Prestwick,Prestw-725,B02,B008,0,A
CBP-0064325-02,P3_Prestwick,Prestw-1510,B12,B008,0,A
CBP-0064326-02,P3_Prestwick,Prestw-755,E04,B008,0,A
CBP-0064327-02,P3_Prestwick,Prestw-925,J14,B008,0,A
CBP-0064328-02,P3_Prestwick,Prestw-775,F05,B008,0,A
CBP-0064329-03,P3_Prestwick,Prestw-935,F15,B008,0,A
CBP-0064330-02,P3_Prestwick,Prestw-1125,D19,B007,0,A
CBP-0064331-02,P3_Prestwick,Prestw-826,K08,B008,0,A
CBP-0064333-02,P3_Prestwick,Prestw-856,H10,B008,0,A
CBP-0064334-02,P3_Prestwick,Prestw-706,C01,B008,0,A
CBP-0064335-02,P3_Prestwick,Prestw-716,O01,B008,0,A
CBP-0064336-02,P3_Prestwick,Prestw-746,K03,B008,0,A
CBP-0064337-02,P3_Prestwick,Prestw-807,F07,B008,0,A
CBP-0064338-02,P3_Prestwick,Prestw-631,B21,B007,0,A
CBP-0064339-02,P3_Prestwick,Prestw-837,B09,B008,0,A
CBP-0064340-02,P3_Prestwick,Prestw-1465,N21,B007,0,A
CBP-0064341-02,P3_Prestwick,Prestw-847,N09,B008,0,A
CBP-0064342-02,P3_Prestwick,Prestw-857,I10,B008,0,A
CBP-0064343-02,P3_Prestwick,Prestw-707,E01,B008,0,A
CBP-0064344-02,P3_Prestwick,Prestw-867,E11,B008,0,A
CBP-0064345-04,P3_Prestwick,Prestw-877,J11,B008,0,A
CBP-0064347-02,P3_Prestwick,Prestw-927,N14,B008,0,A
CBP-0064348-03,P3_Prestwick,Prestw-777,I05,B008,0,A
CBP-0064349-02,P3_Prestwick,Prestw-787,E06,B008,0,A
CBP-0064350-03,P3_Prestwick,Prestw-947,E16,B008,0,A
CBP-0064351-02,P3_Prestwick,Prestw-797,J06,B008,0,A
CBP-0064352-02,P3_Prestwick,Prestw-1361,O08,B008,0,A
CBP-0064353-02,P3_Prestwick,Prestw-688,P21,B007,0,A
CBP-0064354-02,P3_Prestwick,Prestw-708,G01,B008,0,A
CBP-0064355-03,P3_Prestwick,Prestw-738,C03,B008,0,A
CBP-0064356-03,P3_Prestwick,Prestw-748,O03,B008,0,A
CBP-0064357-02,P3_Prestwick,Prestw-758,D04,B008,0,A
CBP-0064358-02,P3_Prestwick,Prestw-788,G06,B008,0,A
CBP-0064359-03,P3_Prestwick,Prestw-948,G16,B008,0,A
CBP-0064360-02,P3_Prestwick,Prestw-819,E08,B008,0,A
CBP-0064361-02,P3_Prestwick,Prestw-1285,F21,B007,0,A
CBP-0064362-03,P3_Prestwick,Prestw-1253,A22,B007,0,A
CBP-0064363-02,P3_Prestwick,Prestw-859,M10,B008,0,A
CBP-0064364-02,P3_Prestwick,Prestw-1495,N11,B008,0,A
CBP-0064365-02,P3_Prestwick,Prestw-779,M05,B008,0,A
CBP-0064366-02,P3_Prestwick,Prestw-789,B06,B008,0,A
CBP-0064367-02,P3_Prestwick,Prestw-799,N06,B008,0,A
CBP-0064368-02,P3_Prestwick,Prestw-959,N16,B008,0,A
CBP-0064369-02,P3_Prestwick,Prestw-1601,K19,B007,0,A
CBP-0064370-02,P3_Prestwick,Prestw-810,K07,B008,0,A
CBP-0064371-03,P3_Prestwick,Prestw-1173,L20,B007,0,A
CBP-0064372-02,P3_Prestwick,Prestw-830,L08,B008,0,A
CBP-0064373-02,P3_Prestwick,Prestw-840,H09,B008,0,A
CBP-0064374-06,P3_Prestwick,Prestw-1494,C22,B007,0,A
CBP-0064375-02,P3_Prestwick,Prestw-720,P01,B008,0,A
CBP-0064376-02,P3_Prestwick,Prestw-730,K02,B008,0,A
CBP-0064377-02,P3_Prestwick,Prestw-1137,K12,B008,0,A
CBP-0064378-02,P3_Prestwick,Prestw-900,G13,B008,0,A
CBP-0064379-02,P3_Prestwick,Prestw-760,H04,B008,0,A
CBP-0064380-03,P3_Prestwick,Prestw-920,H14,B008,0,A
CBP-0064381-02,P3_Prestwick,Prestw-770,C05,B008,0,A
CBP-0064382-02,P3_Prestwick,Prestw-961,A17,B008,0,A
CBP-0064383-03,P3_Prestwick,Prestw-971,M17,B008,0,A
CBP-0064384-03,P3_Prestwick,Prestw-981,B18,B008,0,A
CBP-0064385-02,P3_Prestwick,Prestw-1011,E20,B008,0,A
CBP-0064386-02,P3_Prestwick,Prestw-1031,F21,B008,0,A
CBP-0064387-02,P3_Prestwick,Prestw-992,P18,B008,0,A
CBP-0064388-03,P3_Prestwick,Prestw-1487,P06,B009,0,A
CBP-0064390-02,P3_Prestwick,Prestw-1032,H21,B008,0,A
CBP-0064391-02,P3_Prestwick,Prestw-1042,C22,B008,0,A
CBP-0064392-02,P3_Prestwick,Prestw-1082,K02,B009,0,A
CBP-0064393-04,P3_Prestwick,Prestw-1112,H04,B009,0,A
CBP-0064394-02,P3_Prestwick,Prestw-1246,J05,B009,0,A
CBP-0064395-03,P3_Prestwick,Prestw-983,F18,B008,0,A
CBP-0064396-02,P3_Prestwick,Prestw-1013,B20,B008,0,A
CBP-0064397-02,P3_Prestwick,Prestw-1053,J22,B008,0,A
CBP-0064398-02,P3_Prestwick,Prestw-1063,F01,B009,0,A
CBP-0064399-02,P3_Prestwick,Prestw-1113,I04,B009,0,A
CBP-0064400-03,P3_Prestwick,Prestw-964,G17,B008,0,A
CBP-0064401-03,P3_Prestwick,Prestw-974,L17,B008,0,A
CBP-0064402-02,P3_Prestwick,Prestw-1004,O19,B008,0,A
CBP-0064403-02,P3_Prestwick,Prestw-1054,L22,B008,0,A
CBP-0064404-02,P3_Prestwick,Prestw-1064,H01,B009,0,A
CBP-0064405-02,P3_Prestwick,Prestw-1516,O02,B009,0,A
CBP-0064406-02,P3_Prestwick,Prestw-1114,K04,B009,0,A
CBP-0064407-02,P3_Prestwick,Prestw-1015,F20,B008,0,A
CBP-0064408-02,P3_Prestwick,Prestw-1035,M21,B008,0,A
CBP-0064409-02,P3_Prestwick,Prestw-1045,B22,B008,0,A
CBP-0064410-02,P3_Prestwick,Prestw-1055,N22,B008,0,A
CBP-0064411-03,P3_Prestwick,Prestw-1075,E02,B009,0,A
CBP-0064412-02,P3_Prestwick,Prestw-1095,F03,B009,0,A
CBP-0064413-02,P3_Prestwick,Prestw-1315,D05,B009,0,A
CBP-0064414-03,P3_Prestwick,Prestw-1236,H08,B009,0,A
CBP-0064415-02,P3_Prestwick,Prestw-1036,O21,B008,0,A
CBP-0064416-05,P3_Prestwick,Prestw-1337,O09,B009,0,A
CBP-0064417-02,P3_Prestwick,Prestw-1066,K01,B009,0,A
CBP-0064418-04,P3_Prestwick,Prestw-1116,O04,B009,0,A
CBP-0064419-02,P3_Prestwick,Prestw-1307,B07,B009,0,A
CBP-0064420-02,P3_Prestwick,Prestw-1007,N19,B008,0,A
CBP-0064421-02,P3_Prestwick,Prestw-1017,I20,B008,0,A
CBP-0064422-03,P3_Prestwick,Prestw-1359,I08,B009,0,A
CBP-0064423-02,P3_Prestwick,Prestw-1027,E21,B008,0,A
CBP-0064424-02,P3_Prestwick,Prestw-1057,A01,B009,0,A
CBP-0064425-02,P3_Prestwick,Prestw-1067,M01,B009,0,A
CBP-0064426-02,P3_Prestwick,Prestw-1280,H05,B009,0,A
CBP-0064427-02,P3_Prestwick,Prestw-998,D19,B008,0,A
CBP-0064428-04,P3_Prestwick,Prestw-1008,P19,B008,0,A
CBP-0064429-02,P3_Prestwick,Prestw-1038,L21,B008,0,A
CBP-0064430-02,P3_Prestwick,Prestw-1068,O01,B009,0,A
CBP-0064431-02,P3_Prestwick,Prestw-1078,D02,B009,0,A
CBP-0064432-02,P3_Prestwick,Prestw-1118,L04,B009,0,A
CBP-0064433-02,P3_Prestwick,Prestw-1514,I17,B008,0,A
CBP-0064434-03,P3_Prestwick,Prestw-979,E18,B008,0,A
CBP-0064435-02,P3_Prestwick,Prestw-1308,E06,B009,0,A
CBP-0064436-02,P3_Prestwick,Prestw-999,F19,B008,0,A
CBP-0064437-02,P3_Prestwick,Prestw-1199,A08,B009,0,A
CBP-0064438-02,P3_Prestwick,Prestw-1490,M08,B009,0,A
CBP-0064439-02,P3_Prestwick,Prestw-1039,N21,B008,0,A
CBP-0064440-02,P3_Prestwick,Prestw-1059,E01,B009,0,A
CBP-0064442-02,P3_Prestwick,Prestw-284,O18,B006,0,A
CBP-0064443-02,P3_Prestwick,Prestw-197,B13,B006,0,A
CBP-0064444-02,P3_Prestwick,Prestw-317,J20,B006,0,A
CBP-0064445-02,P3_Prestwick,Prestw-159,N10,B006,0,A
CBP-0064446-02,P3_Prestwick,Prestw-150,D10,B006,0,A
CBP-0064447-02,P3_Prestwick,Prestw-160,P10,B006,0,A
CBP-0064448-02,P3_Prestwick,Prestw-321,A21,B006,0,A
CBP-0064449-02,P3_Prestwick,Prestw-372,G02,B007,0,A
CBP-0064450-02,P3_Prestwick,Prestw-1323,P07,B007,0,A
CBP-0064451-02,P3_Prestwick,Prestw-565,B14,B007,0,A
CBP-0064452-02,P3_Prestwick,Prestw-407,F04,B007,0,A
CBP-0064453-02,P3_Prestwick,Prestw-398,L03,B007,0,A
CBP-0064454-03,P3_Prestwick,Prestw-330,K21,B006,0,A
CBP-0064455-02,P3_Prestwick,Prestw-842,K09,B008,0,A
CBP-0064456-02,P3_Prestwick,Prestw-1512,D13,B008,0,A
CBP-0064457-02,P3_Prestwick,Prestw-754,C04,B008,0,A
CBP-0064458-02,P3_Prestwick,Prestw-1508,J21,B007,0,A
CBP-0064459-02,P3_Prestwick,Prestw-726,D02,B008,0,A
CBP-0064460-02,P3_Prestwick,Prestw-936,H15,B008,0,A
CBP-0064461-02,P3_Prestwick,Prestw-767,N04,B008,0,A
CBP-0064462-02,P3_Prestwick,Prestw-1023,N20,B008,0,A
CBP-0064463-03,P3_Prestwick,Prestw-1421,I09,B009,0,A
CBP-0064464-02,P3_Prestwick,Prestw-1043,E22,B008,0,A
CBP-0064465-02,P3_Prestwick,Prestw-1104,P03,B009,0,A
CBP-0064466-02,P3_Prestwick,Prestw-1028,G21,B008,0,A
CBP-0064467-02,P3_Prestwick,Prestw-1040,P21,B008,0,A
CBP-0064476-05,P3_Prestwick,Prestw-1720,K12,B009,0,A
CBP-0064549-03,P3_Prestwick,Prestw-1762,O10,B009,0,A
CBP-0064794-02,P3_Prestwick,Prestw-1794,H14,B009,0,A
CBP-0064800-02,P3_Prestwick,Prestw-1782,O13,B009,0,A
CBP-0064802-02,P3_Prestwick,Prestw-1793,I14,B009,0,A
CBP-0064819-03,P3_Prestwick,Prestw-1771,M15,B006,0,A
CBP-0064823-02,P3_Prestwick,Prestw-1735,M14,B009,0,A
CBP-0064835-02,P3_Prestwick,Prestw-1731,A13,B009,0,A
CBP-0064863-02,P3_Prestwick,Prestw-1701,M12,B009,0,A
CBP-0064892-02,P3_Prestwick,Prestw-1736,E13,B009,0,A
CBP-0064898-02,P3_Prestwick,Prestw-1788,O14,B009,0,A
CBP-0064912-02,P3_Prestwick,Prestw-1761,J10,B009,0,A
CBP-0064915-02,P3_Prestwick,Prestw-1733,H11,B009,0,A
CBP-0064925-02,P3_Prestwick,Prestw-1719,F10,B009,0,A
CBP-0064934-02,P3_Prestwick,Prestw-1739,G10,B009,0,A
CBP-0064941-02,P3_Prestwick,Prestw-1722,L11,B009,0,A
CBP-0065014-02,P3_Prestwick,Prestw-1773,M10,B009,0,A
CBP-0065076-02,P3_Prestwick,Prestw-1706,D11,B009,0,A
CBP-0065084-02,P3_Prestwick,Prestw-1748,I11,B009,0,A
CBP-0065093-02,P3_Prestwick,Prestw-1728,P14,B009,0,A
CBP-0065099-02,P3_Prestwick,Prestw-1744,N13,B009,0,A
CBP-0065140-02,P3_Prestwick,Prestw-1792,P11,B009,0,A
CBP-0065145-02,P3_Prestwick,Prestw-1738,E14,B009,0,A
CBP-0065147-02,P3_Prestwick,Prestw-1769,L12,B009,0,A
CBP-0065173-02,P3_Prestwick,Prestw-1721,K11,B009,0,A
CBP-0065259-02,P3_Prestwick,Prestw-1783,G14,B009,0,A
CBP-0065269-02,P3_Prestwick,Prestw-1740,M13,B009,0,A
CBP-0065272-02,P3_Prestwick,Prestw-1786,H10,B009,0,A
CBP-0065311-02,P3_Prestwick,Prestw-1777,E10,B009,0,A
CBP-0065344-02,P3_Prestwick,Prestw-1734,F13,B009,0,A
CBP-0065375-02,P3_Prestwick,Prestw-1772,A14,B009,0,A
CBP-0065386-02,P3_Prestwick,Prestw-1732,A11,B009,0,A
CBP-0065398-02,P3_Prestwick,Prestw-1707,B10,B009,0,A
CBP-0065407-02,P3_Prestwick,Prestw-1759,K13,B009,0,A
CBP-0065942-02,P3_Prestwick,Prestw-1756,I13,B009,0,A
CBP-0066166-02,P3_Prestwick,Prestw-1750,B13,B009,0,A
CBP-0067598-01,P3_Prestwick,Prestw-1702,A03,B008,0,A
CBP-0067599-01,P3_Prestwick,Prestw-1703,F11,B009,0,A
CBP-0067600-01,P3_Prestwick,Prestw-1704,N14,B009,0,A
CBP-0067601-01,P3_Prestwick,Prestw-1705,D12,B009,0,A
CBP-0067602-01,P3_Prestwick,Prestw-1708,B11,B009,0,A
CBP-0067603-01,P3_Prestwick,Prestw-1709,G11,B009,0,A
CBP-0067604-01,P3_Prestwick,Prestw-1710,J11,B009,0,A
CBP-0067605-01,P3_Prestwick,Prestw-1712,H13,B009,0,A
CBP-0067606-01,P3_Prestwick,Prestw-1714,B12,B009,0,A
CBP-0067607-01,P3_Prestwick,Prestw-1715,M11,B009,0,A
CBP-0067608-01,P3_Prestwick,Prestw-1716,C11,B009,0,A
CBP-0067609-01,P3_Prestwick,Prestw-1717,N11,B009,0,A
CBP-0067610-01,P3_Prestwick,Prestw-1718,D10,B009,0,A
CBP-0067611-01,P3_Prestwick,Prestw-1723,O12,B009,0,A
CBP-0067612-01,P3_Prestwick,Prestw-1726,E12,B009,0,A
CBP-0067613-01,P3_Prestwick,Prestw-1727,C13,B009,0,A
CBP-0067614-01,P3_Prestwick,Prestw-1729,K14,B009,0,A
CBP-0067615-01,P3_Prestwick,Prestw-1730,I12,B009,0,A
CBP-0067616-01,P3_Prestwick,Prestw-1737,G13,B009,0,A
CBP-0067617-01,P3_Prestwick,Prestw-1741,L13,B009,0,A
CBP-0067618-01,P3_Prestwick,Prestw-1743,F12,B009,0,A
CBP-0067619-01,P3_Prestwick,Prestw-1745,F14,B009,0,A
CBP-0067620-01,P3_Prestwick,Prestw-1746,C20,B008,0,A
CBP-0067621-01,P3_Prestwick,Prestw-1749,C10,B009,0,A
CBP-0067622-01,P3_Prestwick,Prestw-1752,J13,B009,0,A
CBP-0067623-01,P3_Prestwick,Prestw-1753,P10,B009,0,A
CBP-0067624-01,P3_Prestwick,Prestw-1758,N10,B009,0,A
CBP-0067625-01,P3_Prestwick,Prestw-1760,L10,B009,0,A
CBP-0067626-01,P3_Prestwick,Prestw-1763,O11,B009,0,A
CBP-0067627-01,P3_Prestwick,Prestw-1764,A10,B009,0,A
CBP-0067628-01,P3_Prestwick,Prestw-1765,D14,B009,0,A
CBP-0067629-01,P3_Prestwick,Prestw-1766,A12,B009,0,A
CBP-0067630-01,P3_Prestwick,Prestw-1768,J14,B009,0,A
CBP-0067631-01,P3_Prestwick,Prestw-1770,C12,B009,0,A
CBP-0067632-01,P3_Prestwick,Prestw-1774,L20,B008,0,A
CBP-0067633-01,P3_Prestwick,Prestw-1775,P13,B009,0,A
CBP-0067634-01,P3_Prestwick,Prestw-1776,H12,B009,0,A
CBP-0067635-01,P3_Prestwick,Prestw-1778,K10,B009,0,A
CBP-0067636-01,P3_Prestwick,Prestw-1780,B14,B009,0,A
CBP-0067637-01,P3_Prestwick,Prestw-1781,C14,B009,0,A
CBP-0067638-01,P3_Prestwick,Prestw-1785,J12,B009,0,A
CBP-0067639-01,P3_Prestwick,Prestw-1787,P12,B009,0,A
CBP-0067640-01,P3_Prestwick,Prestw-1791,N12,B009,0,A
CBP-0067641-01,P3_Prestwick,Prestw-1795,E04,B006,0,A
CBP-0067642-01,P3_Prestwick,Prestw-1796,D04,B007,0,A
CBP-0067643-01,P3_Prestwick,Prestw-1797,G12,B007,0,A
CBP-0067644-01,P3_Prestwick,Prestw-1798,O21,B007,0,A
CBP-0067645-01,P3_Prestwick,Prestw-1799,L21,B007,0,A
CBP-0067646-01,P3_Prestwick,Prestw-1800,E09,B008,0,A
CBP-0067647-01,P3_Prestwick,Prestw-1801,N10,B008,0,A
CBP-0067648-01,P3_Prestwick,Prestw-1802,L19,B008,0,A
CBP-0067649-01,P3_Prestwick,Prestw-1803,F02,B009,0,A
CBP-0067650-01,P3_Prestwick,Prestw-1804,N02,B009,0,A
